wave,supplier_id,su_name,parent_su_name,sto,srm,enable_week,pre_vol,post_vol,delta_vol,pre_o2s_stated,post_o2s_stated,delta_o2s_stated,pre_o2s_stated_1,post_o2s_stated_1,delta_o2s_stated_1,pre_o2d_stated,post_o2d_stated,delta_o2d_stated,pre_fast_badge,post_fast_badge,delta_fast_badge,pre_o2d_actual_less5,post_o2d_actual_less5,delta_o2d_actual_less5,pre_o2s_actual,post_o2s_actual,delta_o2s_actual,pre_o2d_actual,post_o2d_actual,delta_o2d_actual,pre_det_o2d,post_det_o2d,delta_det_o2d,pre_ifr,post_ifr,delta_ifr,pre_del_rel,post_del_rel,delta_del_rel,pre_det_del_rel,post_det_del_rel,delta_det_del_rel,pre_late_orders,post_late_orders,delta_late_orders,pre_delivered_vol,post_delivered_vol,delta_delivered_vol,pre_weekend_msbd,post_weekend_msbd,delta_weekend_msbd,pre_weekend_ship,post_weekend_ship,delta_weekend_ship,pre_sat_ship,post_sat_ship,delta_sat_ship,pre_sun_ship,post_sun_ship,delta_sun_ship
wave1_jun_jul,223799,Safavieh Texas,Safavieh,Rugs,Alex Resnick,2026-07-05,11212.0,11941.0,729.0,1.1993577736151995,0.838304289544236,-0.3610534840709635,0.45941848019978593,0.5447617452474667,0.08534326504768075,3.8030834564254064,3.564488392089424,-0.23859506433598243,0.9045665358544417,0.9513441085336236,0.04677757267918192,0.9364966107741706,0.9367724646177037,0.0002758538435331248,0.8564038530146272,0.9203250670241286,0.06392121400950146,3.4555833036032824,3.419716894212246,-0.03586640939103658,3.426313298627544,3.176643598615917,-0.2496697000116268,0.9304316803424902,0.84021438740474,-0.09021729293775027,0.8580092757759543,0.8212879993300394,-0.03672127644591494,0.731805208704959,0.7364542333137928,0.004649024608833763,779.9999999999994,1908.0,1128.0000000000005,11212.0,11941.0,729.0,0.0008919015340706386,0.2824721547609078,0.28158025322683716,0.22832679272208348,0.21865840381877566,-0.009668388903307817,0.011148769175882983,0.00025123523992965415,-0.010897533935953328,0.2171780235462005,0.21840716857884598,0.0012291450326454845
wave1_jun_jul,93132,Safavieh IN46075,Safavieh,Rugs,Alex Resnick,2026-07-05,11703.0,11893.0,190.0,1.2633512774502265,0.8461991254624958,-0.4171521519877307,0.5466119798342305,0.594887749096107,0.04827576926187649,3.51541231228594,3.359209049304896,-0.15620326298104414,0.9188242331026233,0.9338266207012529,0.015002387598629596,0.924292916346236,0.9524930631463886,0.028200146800152592,0.9547085968210562,0.9942818701648167,0.039573273343760484,3.298128684952576,3.0956865382998404,-0.20244214665273574,3.2410094637223974,2.8851989941905836,-0.35581046953181383,0.9504400581047595,0.7934078869923484,-0.15703217111241108,0.8467914210031616,0.8627764231060288,0.01598500210286713,0.7214389472784756,0.7497687715462877,0.028329824267812165,579.9999999999994,2457.0,1877.0000000000005,11703.0,11893.0,190.0,0.0002563445270443476,0.2746153199360969,0.2743589754090525,0.21062975305477227,0.14521146893130413,-0.06541828412346815,0.0002563445270443476,0.0004204153703859413,0.0001640708433415937,0.21037340852772793,0.14479105356091818,-0.06558235496680975
wave1_jun_jul,14129,nuLOOM NJ 08512,nuLOOM,Rugs,Brianna Barrett,2026-06-21,9132.0,7345.0,-1787.0,1.2026938239159002,1.0091218515997278,-0.1935719723161724,0.5763250109505037,0.7037440435670524,0.12741903261654874,3.681731949559201,4.424819344080045,0.7430873945208436,0.9319973718791065,0.8905377808032675,-0.041459591075838964,0.9561979851073149,0.9558883594281824,-0.00030962567913250805,0.7781551270815075,0.876786929884275,0.09863180280276751,3.165133596145423,3.276786929884275,0.11165333373885211,3.253631542540927,3.0085813148788927,-0.2450502276620341,0.9756898817345598,0.9255275697753574,-0.0501623119592024,0.9144765659220324,0.9415929203539823,0.02711635443194993,0.8047525186158563,0.6684819605173588,-0.13627055809849753,221.99999999999955,546.9999999999997,325.0000000000001,9132.0,7345.0,-1787.0,0.00010950503723171266,0.2592239618788291,0.2591144568415974,0.2257993867717915,0.20612661674608576,-0.01967277002570575,0.0007668711656441718,0.00013614703880190606,-0.0006307241268422657,0.22513146362839614,0.20599046970728388,-0.019140993921112265
wave1_jun_jul,59119,Safavieh CA 92518,Safavieh,Rugs,Alex Resnick,2026-07-05,6482.0,5858.0,-624.0,1.1082999074359765,0.8345851826561966,-0.27371472477977987,0.4315026226473311,0.5078525093888699,0.07634988674153886,4.331189206149984,4.134086956521739,-0.1971022496282453,0.769361308238198,0.7828610447251622,0.01349973648696412,0.789108299907436,0.8301468077842267,0.04103850787679064,0.7592964048757908,0.796688289518607,0.03739188464281629,3.843721073742672,3.666780471150563,-0.17694060259210875,3.8163497480903623,3.706151142355009,-0.11019860573535345,0.9854983029929034,0.8931375896210311,-0.09236071337187235,0.8528232027152114,0.895868897234551,0.043045694519339595,0.7287874112928109,0.8333902355752817,0.10460282428247081,94.00000000000004,626.0,532.0,6482.0,5858.0,-624.0,0.000308546744831842,0.3103448275862069,0.3100362808413751,0.21274298056155508,0.2299419597132127,0.017198979151657634,0.00046289152908501776,0.0006828269033799932,0.00021993537429497543,0.21231291467366148,0.2292591328098327,0.016946218136171226
wave1_jun_jul,34809,Safavieh GA31407 B,Safavieh,Rugs,Alex Resnick,2026-07-05,5556.0,5478.0,-78.0,1.1472282217422607,0.8588901058780577,-0.288338115864203,0.5232181425485961,0.5945600584154801,0.07134191586688399,4.019121161978305,3.767151379567487,-0.2519697824108178,0.9051475881929446,0.9249726177437021,0.01982502955075749,0.9191864650827933,0.9501642935377875,0.030977828454994194,0.8525917926565875,0.8402701715954728,-0.012321621061114674,3.4712023038156947,3.275648046732384,-0.19555425708331065,3.3392036753445637,3.045224244698818,-0.29397943064574594,0.943304535637149,0.9110989412194231,-0.03220559441772586,0.8961483081353492,0.9010587805768528,0.004910472441503666,0.6517278617710583,0.6579043446513326,0.006176482880274281,315.00000000000017,487.00000000000006,171.9999999999999,5556.0,5478.0,-78.0,0.00017998560115190784,0.2878787878787879,0.287698802277636,0.22354211663066956,0.2267250821467689,0.0031829655160993398,0.00017998560115190784,0.000547645125958379,0.0003676595248064711,0.22336213102951763,0.2261774370208105,0.0028153059912928713
wave1_jun_jul,288109,WINADO INC NJ 08505(3),WINADO INC,APS Outdoor,Melody Lu,2026-07-05,4253.0,5083.0,830.0,1.4968257700446743,2.026952587054889,0.5301268170102145,0.7086762285445568,0.23234310446586662,-0.4763331240786902,3.3835946924004827,3.618207339081612,0.23461264668112936,0.9376910416176817,0.9374385205587251,-0.0002525210589565674,0.9508582177286621,0.9480621680110172,-0.0027960497176449106,1.168351751704679,1.0950226244343892,-0.07332912727028984,3.147190218669175,3.12886090891206,-0.01832930975711511,3.3535871156661785,3.9552568218298556,0.6016697061636771,0.8996002821537739,0.9765886287625418,0.07698834660876797,0.8751469550905243,0.9024198308085776,0.027272875718053258,0.8217728662120856,0.9104859335038363,0.08871306729175077,426.9999999999998,118.99999999999991,-307.9999999999999,4253.0,5083.0,830.0,0.0,0.16092858548101516,0.16092858548101516,0.24171173289442746,0.2730670863663191,0.03135535347189164,0.003997178462261932,0.0001967342120794806,-0.0038004442501824516,0.23771455443216552,0.2728703521542396,0.035155797722074084
wave1_jun_jul,85184,Aosom LLC GA30294,Aosom LLC,APS Outdoor,Amber Xiang,2026-07-05,6581.0,3611.0,-2970.0,1.4833611913083118,1.232068679036278,-0.25129251227203375,0.6825710378361951,0.8377180836333425,0.15514704579714744,3.608185328185328,3.6271138669673055,0.018928538781977533,0.9389150585017475,0.9285516477430075,-0.010363410758740033,0.9539583649901231,0.9448906120188314,-0.009067752971291698,0.9595683234534124,0.9512600387704238,-0.00830828468298861,3.370004558577724,3.3107172528385487,-0.05928730573917518,3.590258325552443,3.5715896279594137,-0.01866869759302947,0.982829357240541,0.9734145666020493,-0.00941479063849171,0.8828445524996201,0.8715037385765716,-0.011340813923048532,0.8627868105151193,0.8703960121849903,0.007609201669871002,112.99999999999974,96.00000000000004,-16.9999999999997,6581.0,3611.0,-2970.0,0.000151952590791673,0.29354749376903905,0.2933955411782474,0.2612065035708859,0.27388535031847133,0.01267884674758546,0.0,0.0,0.0,0.2612859097127223,0.27388535031847133,0.012599440605749024
wave1_jun_jul,28971,NFusion CA 91761 Warehouse CA11,"GigaCloud Trading, Inc.",Outdoor Furniture,Amy Connell,2026-07-05,4259.0,3465.0,-794.0,1.5510683258980982,1.2187590187590187,-0.33230930713907947,0.6973467950223057,0.8533910533910534,0.1560442583687477,5.528361090996862,5.450148367952522,-0.07821272304433968,0.4994130077482977,0.5823953823953824,0.08298237464708463,0.5299366048368161,0.6461760461760462,0.11623944133923003,1.313923456210378,1.2072150072150072,-0.10670844899537091,5.42028645221883,4.771139971139971,-0.6491464810788594,5.2936053744712614,4.9395752318277,-0.3540301426435617,0.8631134069030288,0.922943722943723,0.05983031604069411,0.7865696172810519,0.8311688311688312,0.04459921388777932,0.6698755576426391,0.7240981240981241,0.054222566455485066,583.0000000000001,266.99999999999994,-316.00000000000017,4259.0,3465.0,-794.0,0.000704390702042733,0.29523809523809524,0.2945337045360525,0.2787039211082414,0.28484848484848485,0.006144563740243469,0.006574313219065508,0.004329004329004329,-0.002245308890061179,0.27212960788917584,0.2805194805194805,0.008389872630304662
wave1_jun_jul,325564,SLM GA3,YISHANG TRADE INC,APS Outdoor,Melody Lu,2026-07-05,7403.0,3390.0,-4013.0,1.4829123328380387,1.1648967551622418,-0.3180155776757969,0.6866135350533568,0.8454277286135693,0.15881419356021254,4.197530864197531,4.0215827338129495,-0.17594813038458135,0.9219235445089828,0.9433628318584071,0.02143928734942424,0.9105767931919492,0.9557522123893806,0.0451754191974314,1.1780599837881653,1.092330383480826,-0.08572960030733934,3.8379035526138052,3.4702064896755163,-0.36769706293828897,3.670463903376338,3.369994022713688,-0.30046988066265,0.9231392678643793,0.9466076696165192,0.023468401752139934,0.8793732270701067,0.9235988200589971,0.044225592988890394,0.6298797784681885,0.7115044247787611,0.08162464631057254,569.0000000000002,180.9999999999999,-388.00000000000034,7403.0,3390.0,-4013.0,0.00013508037282182898,0.31386430678466076,0.3137292264118389,0.26759421856004323,0.2855457227138643,0.017951504153821074,0.013778198027826557,0.002359882005899705,-0.011418316021926852,0.2538160205322167,0.2831858407079646,0.029369820175747907
wave1_jun_jul,70707,Aosom LLC NJ 08022,Aosom LLC,APS Outdoor,Amber Xiang,2026-07-05,5689.0,2934.0,-2755.0,1.4884865529970117,1.2269938650306749,-0.26149268796633685,0.7115486025663561,0.8725289706884799,0.1609803681221238,3.2181172291296627,3.0338983050847457,-0.18421892404491702,0.95289154508701,0.9601226993865031,0.007231154299493059,0.9613288802953067,0.9730743012951601,0.011745420999853429,0.9092348284960422,0.854464894342195,-0.05476993415384723,2.928634206363157,2.8336741649625083,-0.09496004140064862,3.180615164520744,3.0938690682369243,-0.0867460962838198,0.9813675514150114,0.9914792092706203,0.010111657855608858,0.9328528739673053,0.8633265167007498,-0.06952635726655554,0.9187906486201441,0.9154737559645535,-0.003316892655590653,106.00000000000004,25.00000000000011,-80.99999999999993,5689.0,2934.0,-2755.0,0.0005273334505185445,0.2719836400817996,0.27145630663128106,0.2888029530673229,0.2743694614860259,-0.014433491581296976,0.0,0.0,0.0,0.2890061565523307,0.2743694614860259,-0.014636695066304772
wave1_jun_jul,59466,nuLOOM CA 95206,nuLOOM,Rugs,Brianna Barrett,2026-07-12,3691.0,2768.0,-923.0,1.2335410457870495,0.9190458980845682,-0.3144951477024813,0.5868328366296397,0.5220375722543352,-0.06479526437530447,4.353218645948946,4.090372556252305,-0.2628460896966409,0.760498509888919,0.7933526011560693,0.03285409126715033,0.8060146301815226,0.8338150289017341,0.02780039872021145,0.7442427526415606,0.6670281995661606,-0.07721455307540004,3.929558385261447,3.7643657390675824,-0.16519264619386442,4.176504134587967,3.8686868686868685,-0.3078172659010985,0.9737198591167705,0.9479768786127167,-0.02574298050405377,0.8783527499322676,0.8778901734104047,-0.0004625765218629896,0.8238959631536169,0.838150289017341,0.014254325863724104,97.00000000000007,144.00000000000009,47.000000000000014,3691.0,2768.0,-923.0,0.0,0.29515895953757226,0.29515895953757226,0.19967488485505283,0.28684971098265893,0.0871748261276061,0.11324844215659713,0.12319364161849711,0.009945199461899978,0.0864264426984557,0.16365606936416185,0.07722962666570615
wave1_jun_jul,27593,NFusion CA El Monte,"GigaCloud Trading, Inc.",Outdoor Furniture,Amy Connell,2026-07-05,2895.0,2281.0,-614.0,1.4994818652849742,1.4059622972380534,-0.09351956804692074,0.7091537132987911,0.8579570363875493,0.1488033230887582,5.028815368196371,4.729887640449438,-0.2989277277469329,0.5865284974093264,0.6887330118369136,0.10220451442758716,0.6431778929188255,0.7062691801841298,0.06309128726530422,1.229440221147201,1.2928540113985094,0.06341379025130833,4.815889464594128,4.523016220955721,-0.2928732436384065,4.8702010968921385,4.598003629764065,-0.27219746712807336,0.9675302245250432,0.9171416045594037,-0.05038861996563948,0.8780656303972366,0.8312143796580447,-0.04685125073919194,0.8,0.8193774660236738,0.01937746602367374,93.99999999999986,189.00000000000006,95.0000000000002,2895.0,2281.0,-614.0,0.0,0.285839544059623,0.285839544059623,0.24974093264248703,0.2367382726874178,-0.013002659955069246,0.00138217000691085,0.003068829460762823,0.0016866594538519732,0.2484450587422253,0.23366944322665498,-0.014775615515570328
wave2_aug,302342,Westin Outdoor GA 31320,Westin Outdoor,Outdoor Furniture,Isha Singh,2026-08-02,8652.0,3979.0,-4673.0,1.7287332408691631,1.4624277456647399,-0.26630549520442326,0.6472491909385113,0.7944207087207841,0.14717151778227278,5.079420220412075,4.765390584583549,-0.3140296358285264,0.7530050855293574,0.8019602915305353,0.048955206001177864,0.8013176144244105,0.8884141744156824,0.08709655999127186,1.3719801179054445,0.9771299321437548,-0.39485018576168973,4.503467406380028,3.8351344558934404,-0.6683329504865876,4.251483679525222,4.034895833333334,-0.21658784619188864,0.834257975034674,0.9947222920331742,0.16046431699850017,0.8524040684234859,0.9132947976878613,0.06089072926437533,0.5686546463245492,0.8079919577783362,0.239337311453787,1434.0000000000002,20.999999999999883,-1413.0000000000005,8652.0,3979.0,-4673.0,0.002542764678687009,0.19602915305353102,0.19348638837484403,0.2368238557558946,0.2847449107816034,0.047921055025708814,0.0008091550109813894,0.06735360643377733,0.06654445142279594,0.23604207606057104,0.21739130434782608,-0.018650771712744957
wave2_aug,119437,Aosom LLC CA 92374,Aosom LLC,APS Outdoor,Amber Xiang,2026-08-02,6017.0,3061.0,-2956.0,1.4301146750872529,1.2649460960470436,-0.16516857904020932,0.7094897789596144,0.8101927474681476,0.10070296850853322,4.8272559233742225,4.410791128765309,-0.4164647946089133,0.6343692870201096,0.7249264946096047,0.09055720758949504,0.7377430613262423,0.7817706631819666,0.044027601855724297,0.7484203525108081,0.7785037569421758,0.0300834044313677,4.277546950307462,3.9523031688990526,-0.3252437814084095,4.834946510443199,4.474750830564784,-0.36019567987841494,0.995512713977065,0.9947729500163345,-0.0007397639607304995,0.9225527671597141,0.8961123815746488,-0.02644038558506534,0.9115838457703175,0.9131002940215616,0.0015164482512440847,27.00000000000003,16.00000000000016,-10.999999999999869,6017.0,3061.0,-2956.0,0.00016619577862722287,0.20646847435478602,0.2063022785761588,0.2841947814525511,0.2528585429598171,-0.031336238492734036,0.00016627868307283005,0.0003266906239790918,0.00016041194090626174,0.28417026937146656,0.25253185233583797,-0.031638417035628585
wave2_aug,119825,shanghaihuzidian NJ 07836,Hong Kong HuaYa Trade Limited,APS Home Improvement,Yinan Du,2026-08-02,3601.0,2948.0,-653.0,1.4409886142738129,0.9952510176390773,-0.44573759663473556,0.7084143293529576,0.6635006784260515,-0.044913650926906024,3.1110483187341056,2.8907649896623018,-0.2202833290718038,0.954457095251319,0.9681139755766621,0.013656880325343068,0.9758400444321021,0.98202170963365,0.006181665201547837,0.6914745903915579,0.6116010854816825,-0.07987350490987544,2.67870036101083,2.5549525101763906,-0.12374785083443962,3.0922026180990323,2.7644413697682464,-0.3277612483307859,0.986392668703138,0.9823609226594301,-0.004031746043707929,0.9225215217995001,0.9097693351424695,-0.012752186657030595,0.8964176617606221,0.885685210312076,-0.010732451448546065,48.999999999999986,52.00000000000009,3.0000000000001066,3601.0,2948.0,-653.0,0.0,0.16824966078697423,0.16824966078697423,0.2763121355179117,0.24016282225237448,-0.03614931326553719,0.1058039433490697,0.09599728629579375,-0.00980665705327595,0.170508192168842,0.14416553595658074,-0.026342656212261256
wave2_aug,401646,NEO CHAIR INC GA 30567,NEO CHAIR INC,Casegoods,Karolina Coulter,2026-08-02,1218.0,2883.0,1665.0,1.4482758620689655,0.9431148109608047,-0.5051610511081608,0.6773399014778325,0.6781130766562609,0.0007731751784283425,3.520536462699078,3.3656558533145273,-0.15488060938455073,0.9351395730706076,0.9701699618453,0.035030388774692445,0.9663382594417077,0.9819632327436698,0.015624973301962108,0.8604269293924466,0.7901491501907735,-0.07027777920167311,2.993431855500821,2.9181408255289627,-0.07529102997185833,3.2388698630136985,2.9647141848976712,-0.27415567811602726,0.9991789819376026,0.9819632327436698,-0.01721574919393276,0.9261083743842364,0.9191814082552896,-0.006926966128946832,0.8727422003284072,0.8945542837322233,0.02181208340381613,1.0000000000000664,51.999999999999936,50.99999999999987,1218.0,2883.0,1665.0,0.0,0.18487686437738468,0.18487686437738468,0.21182266009852216,0.21609434616718695,0.004271686068664793,0.0,0.000346860908775581,0.000346860908775581,0.21182266009852216,0.21574748525841136,0.003924825159889206
wave2_aug,239346,Annie Selke NJ 08512,Annie Selke,PG Rugs,Rachel Markham,2026-08-02,3484.0,2766.0,-718.0,1.2347876004592422,1.0177151120751988,-0.21707248838404336,0.5410447761194029,0.663412870571222,0.12236809445181906,4.608555523000293,3.81037037037037,-0.7981851526299226,0.7419632606199771,0.9099783080260304,0.16801504740605333,0.8915040183696901,0.9298626174981923,0.03835859912850226,0.7436854190585533,0.7997107736804049,0.05602535462185154,3.4718714121699197,3.328633405639913,-0.1432380065300065,3.591619946886987,3.3255463451394123,-0.2660736017475749,0.9750287026406429,0.9399855386840202,-0.03504316395662266,0.9210677382319173,0.8846710050614606,-0.036396733170456774,0.8286452353616532,0.7787418655097614,-0.04990336985189181,87.00000000000014,166.00000000000003,78.99999999999989,3484.0,2766.0,-718.0,0.0002870264064293915,0.20571221981200288,0.2054251934055735,0.24138920780711826,0.21764280549530007,-0.023746402311818182,0.0020091848450057405,0.0014461315979754157,-0.0005630532470303248,0.23938002296211253,0.21619667389732466,-0.02318334906478786
wave2_aug,79055,Costway NJ 08505,Costway,APS Outdoor,David Liu,2026-08-02,2824.0,2549.0,-275.0,1.4497167138810199,1.2204786190663006,-0.22923809481471924,0.7096317280453258,0.8230678697528443,0.11343614170751848,3.482187837351565,3.363092865683539,-0.11909497166802607,0.9617563739376771,0.9654766575127501,0.0037202835750730356,0.976628895184136,0.9729305610043154,-0.0036983341798205727,0.9238668555240793,1.012161632012554,0.08829477648847461,2.921388101983003,2.9493919183993724,0.02800381641636962,3.1222943722943723,3.045346062052506,-0.07694831024186621,0.9780453257790368,0.9489996076892899,-0.029045718089746875,0.9305949008498584,0.9062377402903099,-0.024357160559548507,0.8881019830028328,0.8775990584542958,-0.010502924548537074,62.00000000000008,129.99999999999997,67.99999999999989,2824.0,2549.0,-275.0,0.0,0.20125539427226363,0.20125539427226363,0.25424929178470257,0.23224794036877205,-0.022001351415930515,0.07365439093484419,0.03883876029815614,-0.03481563063668805,0.18059490084985835,0.19340918007061592,0.012814279220757563
wave2_aug,67894,TwinXLcom MN,Bare Home,Soft Home,Jaiden Lawlor,2026-08-02,1563.0,2364.0,801.0,1.0575815738963532,0.9796954314720813,-0.07788614242427194,0.5099168266154831,0.6535532994923858,0.14363647287690273,4.347177157689812,4.13091684434968,-0.21626031334013174,0.7971849008317339,0.8532148900169205,0.056029989185186646,0.8784388995521433,0.871404399323181,-0.007034500228962237,0.7127319257837492,0.8257191201353637,0.11298719435161453,3.907869481765835,4.028764805414552,0.12089532364871669,4.264089121887287,4.249354005167959,-0.014735116719328367,0.9910428662827895,0.9297800338409475,-0.06126283244184194,0.9136276391554703,0.7935702199661591,-0.12005741918931123,0.891234804862444,0.8900169204737732,-0.0012178843886707647,14.00000000000004,166.00000000000003,152.0,1563.0,2364.0,801.0,0.0,0.20050761421319796,0.20050761421319796,0.2885476647472809,0.22292724196277497,-0.06562042278450592,0.0,0.001692047377326565,0.001692047377326565,0.2885476647472809,0.22123519458544838,-0.0673124701618325
wave2_aug,234429,AMEZIEL INC IN 46219,AMEZIEL INC,APS AEOF,Carl Li,2026-08-02,912.0,2039.0,1127.0,1.4616228070175439,1.2873957822461992,-0.17422702477134466,0.6743421052631579,0.8102010789602746,0.13585897369711675,3.630508474576271,3.508964143426295,-0.12154433114997598,0.9243421052631579,0.9656694458067681,0.0413273405436102,0.9287280701754386,0.9749877390877881,0.04625966891234956,1.4648351648351647,1.2908288376655224,-0.17400632716964237,3.4890350877192984,3.2030407062285433,-0.28599438149075507,3.4566473988439306,3.1286783042394015,-0.32796909460452905,0.9210526315789473,0.8661108386463953,-0.05494179293255208,0.8552631578947368,0.9195684158901423,0.06430525799540543,0.7850877192982456,0.8567925453653752,0.07170482606712958,72.00000000000003,273.00000000000006,201.00000000000003,912.0,2039.0,1127.0,0.0,0.23148602256007847,0.23148602256007847,0.12938596491228072,0.21137812653261404,0.08199216162033332,0.03626373626373627,0.0,-0.03626373626373627,0.09340659340659341,0.21137812653261404,0.11797153312602063
wave2_aug,373889, SLM CA3,YISHANG TRADE INC,APS Outdoor,Melody Lu,2026-08-02,2456.0,1674.0,-782.0,1.4719055374592833,1.2502986857825567,-0.22160685167672667,0.6844462540716613,0.8154121863799283,0.13096593230826703,4.378856437679967,3.91626213592233,-0.4625943017576368,0.8013029315960912,0.8912783751493429,0.08997544355325171,0.8114820846905537,0.9020310633213859,0.09054897863083222,1.1514657980456027,0.9994026284348865,-0.1520631696107162,4.072068403908795,3.6129032258064515,-0.4591651781023436,4.0209876543209875,3.6910963052695336,-0.3298913490514539,0.9128664495114006,0.973715651135006,0.06084920162360541,0.8526058631921825,0.8602150537634409,0.007609190571258417,0.6706026058631922,0.8363201911589009,0.16571758529570868,214.00000000000009,43.99999999999992,-170.00000000000017,2456.0,1674.0,-782.0,0.00040716612377850165,0.2162485065710872,0.2158413404473087,0.2487785016286645,0.26881720430107525,0.020038702672410758,0.006921824104234527,0.0011947431302270011,-0.005727080974007526,0.24185667752442996,0.26762246117084826,0.025765783646418294
wave2_aug,356194,Shenzhen Like Keji Youxiangongsi GA 31407,Shenzhen Like Keji Youxiangongsi,APS Bedroom,Lydia Liu,2026-08-02,1762.0,1629.0,-133.0,2.719636776390465,1.0681399631675874,-1.6514968132228778,0.00851305334846765,0.6660527931246163,0.6575397397761487,4.395389048991355,4.108531994981179,-0.28685705401017536,0.9171396140749148,0.9183548189073051,0.0012152048323902376,0.8927355278093076,0.9208103130755064,0.028074785266198776,1.2809307604994324,1.1878453038674033,-0.09308545663202916,3.79738933030647,3.6820135052179253,-0.11537582508854483,4.660703981534911,3.192982456140351,-1.46772152539456,0.9909194097616345,0.7667280540208717,-0.22419135574076277,0.8740068104426788,0.8594229588704727,-0.014583851572206097,0.873439273552781,0.4978514426028238,-0.3755878309499571,16.0,379.99999999999994,363.99999999999994,1762.0,1629.0,-133.0,0.0005675368898978433,0.1731123388581952,0.17254480196829736,0.20715096481271283,0.2480049109883364,0.04085394617562357,0.027809307604994324,0.03806015960712093,0.01025085200212661,0.1793416572077185,0.20994475138121546,0.030603094173496964
wave2_aug,10585,Craig Frames Inc.,Craig Frames Inc.,Decor,Waverly Winterer,2026-08-02,2004.0,1615.0,-389.0,1.5793413173652695,1.5510835913312693,-0.02825772603400023,0.6906187624750499,0.7176470588235294,0.027028296348479475,4.26426735218509,3.9790076335877864,-0.2852597185973038,0.7699600798403193,0.826625386996904,0.05666530715658469,0.812375249500998,0.8619195046439628,0.04954425514296479,1.1606786427145708,1.1752321981424148,0.014553555427843978,4.11127744510978,3.8520123839009286,-0.25926506120885184,4.230729436109674,3.952561669829222,-0.2781677662804518,0.9985029940119761,0.9547987616099072,-0.04370423240206889,0.8992015968063872,0.8959752321981425,-0.0032263646082447694,0.8782435129740519,0.9027863777089783,0.024542864734926395,2.999999999999968,72.99999999999991,69.99999999999994,2004.0,1615.0,-389.0,0.000998003992015968,0.08297213622291022,0.08197413223089425,0.24850299401197604,0.23529411764705882,-0.013208876364917216,0.0,0.0,0.0,0.24850299401197604,0.23529411764705882,-0.013208876364917216
wave2_aug,329896,无忧达美东区NJJW04,Hong Kong Baojia International Limited,APS,Yinan Du,2026-08-02,803.0,1561.0,758.0,1.481942714819427,1.4484304932735426,-0.03351222154588451,0.7334993773349938,0.8187059577194107,0.08520658038441686,2.828897338403042,2.886780104712042,0.05788276630900002,0.975093399750934,0.9724535554131967,-0.0026398443377373404,0.9850560398505604,0.9795003203074952,-0.005555719543065218,1.12826899128269,1.3856502242152466,0.25738123293255666,2.6874221668742218,3.0538116591928253,0.3663894923186035,2.8985879332477533,2.821265492498369,-0.07732244074938421,0.9813200498132005,0.9455477258167841,-0.03577232399641639,0.9153175591531756,0.8609865470852018,-0.05433101206797375,0.8953922789539228,0.852017937219731,-0.04337434173419186,14.999999999999972,84.99999999999994,69.99999999999997,803.0,1561.0,758.0,0.0,0.20499679692504805,0.20499679692504805,0.22415940224159403,0.23510570147341447,0.010946299231820444,0.0,0.0,0.0,0.22415940224159403,0.23510570147341447,0.010946299231820444
wave2_aug,182959,Brightech Inc. CA,Brightech Inc.,Lighting,Kya Mehlman,2026-08-02,1296.0,1519.0,223.0,1.1558641975308641,1.140882159315339,-0.014982038215525018,0.25308641975308643,0.260697827518104,0.007611407765017564,5.909733124018838,5.678091397849462,-0.23164172616937595,0.36496913580246915,0.3936800526662278,0.02871091686375865,0.5671296296296297,0.6273864384463462,0.06025680881671658,0.6805555555555556,0.6919025674786043,0.011347011923048766,5.030092592592593,4.739302172481896,-0.2907904201106968,5.924071082390953,5.454545454545454,-0.4695256278454991,0.9475308641975309,0.9644502962475313,0.01691943205000046,0.9205246913580247,0.9098090849242922,-0.010715606433732483,0.8402777777777778,0.8722843976300197,0.03200661985224196,68.00000000000001,53.999999999999936,-14.000000000000078,1296.0,1519.0,223.0,0.0,0.048716260697827515,0.048716260697827515,0.2569444444444444,0.3120473996050033,0.05510295516055885,0.004629629629629629,0.0019749835418038184,-0.002654646087825811,0.2523148148148148,0.31007241606319946,0.05775760124838464
wave2_aug,325735,"Sorara Outdoor Living USA, Inc. GA 30168","Sorara Outdoor Living USA, Inc.",Outdoor Structures,Yun Yau,2026-08-02,191.0,1457.0,1266.0,1.4921465968586387,1.2985586822237474,-0.19358791463489133,0.7225130890052356,0.8050789293067948,0.08256584030155922,4.268817204301075,3.9923398328690807,-0.27647737143199436,0.9162303664921466,0.9608785175017158,0.044648151009569204,0.9109947643979057,0.9347975291695264,0.023802764771620688,1.2984293193717278,1.3582704186684968,0.05984109929676906,3.968586387434555,3.73850377487989,-0.23008261255466467,3.569060773480663,3.437413073713491,-0.13164769976717183,0.9633507853403142,0.8057652711050103,-0.15758551423530387,0.8795811518324608,0.8517501715854495,-0.02783098024701125,0.6910994764397905,0.6849691146190803,-0.006130361820710251,6.9999999999999964,283.0,276.0,191.0,1457.0,1266.0,0.0,0.2004118050789293,0.2004118050789293,0.16230366492146597,0.19835277968428278,0.0360491147628168,0.005235602094240838,0.014413177762525738,0.0091775756682849,0.15706806282722513,0.18393960192175704,0.02687153909453191
wave2_aug,58217,"VM MP, LLC PA 18634",Spreetail,Storage & Org - Frequency,Claire Przybocki,2026-08-02,2465.0,1440.0,-1025.0,0.9468559837728194,0.8034722222222223,-0.14338376155059718,0.4279918864097363,0.5472222222222223,0.11923033581248599,2.6067981535879143,2.4586894586894585,-0.1481086948984558,0.9561866125760649,0.9645833333333333,0.008396720757268494,0.9797160243407708,0.9881944444444445,0.008478420103673723,0.7273833671399594,0.47708333333333336,-0.2503000338066261,2.135146103896104,1.8576388888888888,-0.2775072150072151,2.324097397145256,2.2855113636363638,-0.038586033508892115,0.8823529411764706,0.9861111111111112,0.1037581699346406,0.865314401622718,0.9145833333333333,0.049268931710615305,0.7801217038539554,0.9076388888888889,0.12751718503493348,290.00000000000006,19.99999999999993,-270.0000000000001,2465.0,1440.0,-1025.0,0.0,0.15486111111111112,0.15486111111111112,0.24543610547667344,0.28541666666666665,0.03998056118999321,0.13265720081135904,0.1361111111111111,0.003453910299752061,0.1127789046653144,0.14930555555555555,0.03652665089024115
wave2_aug,320582,SmartStandard CA 92337,NORTH ELM ARTISAN LLC_1,APS Home Improvement,Aria Yao,2026-08-02,1541.0,1425.0,-116.0,2.805321219987021,1.2210526315789474,-1.5842685884080738,0.01427644386761843,0.8077192982456141,0.7934428543779957,5.546979865771812,4.325017818959373,-1.2219620468124388,0.5522388059701493,0.8189473684210526,0.26670856245090335,0.6223231667748216,0.7943859649122808,0.17206279813745917,1.2766233766233765,1.287719298245614,0.011095921622237492,4.892926670992861,4.189473684210526,-0.7034529867823354,6.210847457627119,3.900572246065808,-2.3102752115613105,0.9935107073329007,0.7733333333333333,-0.22017737399956738,0.8552887735236859,0.8021052631578948,-0.053183510365791165,0.8883841661258923,0.6491228070175439,-0.23926135910834845,10.000000000000021,323.0,313.0,1541.0,1425.0,-116.0,0.0,0.21894736842105264,0.21894736842105264,0.23556132381570408,0.18736842105263157,-0.048192902763072504,0.033766233766233764,0.04912280701754386,0.015356573251310096,0.20194805194805196,0.13824561403508773,-0.06370243791296423
wave2_aug,409062,NJ-19[谷仓新泽西19号仓],"Linyi Lingmoxuan Technology Co., Ltd",APS Bedroom,Iris Sang,2026-08-02,602.0,1360.0,758.0,1.255813953488372,1.0860294117647058,-0.1697845417236663,0.686046511627907,0.774264705882353,0.08821819425444599,3.124789207419899,3.0277153558052436,-0.0970738516146552,0.96843853820598,0.9654411764705882,-0.002997361735391779,0.9850498338870431,0.9794117647058823,-0.005638069181160832,0.7508305647840532,0.788235294117647,0.037404729333593845,2.7458471760797343,2.788970588235294,0.043123412155559926,2.8853288364249576,2.835698282300224,-0.04963055412473372,0.9966777408637874,0.9551470588235295,-0.041530682040257894,0.925249169435216,0.8941176470588236,-0.031131522376392384,0.8820598006644518,0.8205882352941176,-0.06147156537033416,2.0000000000000133,60.999999999999936,58.99999999999992,602.0,1360.0,758.0,0.0016611295681063123,0.16323529411764706,0.16157416454954074,0.1611295681063123,0.22941176470588234,0.06828219659957005,0.07807308970099668,0.09852941176470588,0.020456322063709204,0.08305647840531562,0.13088235294117648,0.04782587453586086
wave2_aug,292501,"FUFU and GAGA Trade Co., Ltd. NJ 08820","FUFU and GAGA Trade Co., Ltd.",APS Bedroom,Christal Ding,2026-08-02,933.0,1311.0,378.0,1.4694533762057878,1.3043478260869565,-0.1651055501188312,0.7116827438370846,0.8344774980930587,0.12279475425597408,3.3449023861171367,3.1993769470404985,-0.14552543907663829,0.9421221864951769,0.9496567505720824,0.007534564076905559,0.9667738478027867,0.9717772692601068,0.005003421457320023,0.9967776584317938,1.0465293668954996,0.0497517084637058,2.8242229367631295,2.8375286041189933,0.013305667355863804,3.1305309734513274,3.1253894080996885,-0.005141565351638899,0.9935691318327974,0.9298245614035088,-0.0637445704292886,0.947481243301179,0.8848207475209764,-0.06266049578020261,0.8745980707395499,0.8520213577421816,-0.022576712997368298,6.0000000000000435,92.0,85.99999999999996,933.0,1311.0,378.0,0.0010718113612004287,0.18306636155606407,0.18199455019486363,0.2465166130760986,0.16399694889397406,-0.08251966418212453,0.0,0.0,0.0,0.2465166130760986,0.16399694889397406,-0.08251966418212453
wave2_aug,28772,Linon CA 92408,Linon,Casegoods,Connor Henderson,2026-08-02,1385.0,1298.0,-87.0,1.9711191335740073,1.436055469953775,-0.5350636636202322,0.6555956678700361,0.802773497688752,0.14717782981871586,4.85986290936786,4.55241935483871,-0.30744355452914984,0.7061371841155235,0.7442218798151001,0.03808469569957662,0.7653429602888087,0.7865947611710323,0.02125180088222367,1.1653429602888086,0.812788906009245,-0.35255405427956354,4.363898916967509,3.975346687211094,-0.388552229756415,4.5078740157480315,4.238673139158576,-0.2692008765894558,0.8592057761732852,0.9429892141756548,0.08378343800236965,0.7985559566787004,0.7989214175654854,0.0003654608867850184,0.6830324909747293,0.7565485362095532,0.07351604523482391,195.0,74.00000000000001,-120.99999999999999,1385.0,1298.0,-87.0,0.001444043321299639,0.20801232665639446,0.20656828333509483,0.31263537906137184,0.31124807395993837,-0.001387305101433478,0.034657039711191336,0.0,-0.034657039711191336,0.2779783393501805,0.31124807395993837,0.03326973460975785
wave2_aug,122707,SLM TX2,YISHANG TRADE INC,APS Outdoor,Melody Lu,2026-08-02,1490.0,1282.0,-208.0,1.4684563758389262,1.2106084243369735,-0.2578479515019527,0.7013422818791947,0.8315132605304212,0.1301709786512265,3.8727891156462584,3.5808477237048666,-0.2919413919413918,0.9308724832214765,0.9781591263650546,0.04728664314357811,0.9395973154362416,0.9625585023400937,0.02296118690385207,1.1241610738255035,1.078783151326053,-0.045377922499450385,3.365771812080537,3.223088923556942,-0.1426828885235949,3.423994546693933,3.2472527472527473,-0.17674179944118595,0.9409395973154362,0.9414976599063962,0.000558062590960029,0.9174496644295302,0.8783151326053042,-0.03913453182422599,0.763758389261745,0.7956318252730109,0.03187343601126591,88.00000000000007,75.00000000000004,-13.000000000000028,1490.0,1282.0,-208.0,0.0,0.21606864274570983,0.21606864274570983,0.2610738255033557,0.2995319812792512,0.03845815577589545,0.0020134228187919465,0.0,-0.0020134228187919465,0.25906040268456376,0.2995319812792512,0.04047157859468742
wave2_aug,498757,Alphamarts AL 08505,Alphamarts,APS Outdoor,Melody Lu,2026-08-02,570.0,1263.0,693.0,1.3385964912280701,1.3460015835312746,0.007405092303204519,0.7543859649122807,0.8630245447347585,0.10863857982247782,4.344703770197486,3.5898692810457518,-0.7548344891517345,0.9087719298245615,0.9216152019002375,0.012843272075676038,0.9508771929824561,0.9794140934283452,0.02853690044588908,1.0210526315789474,1.1045130641330165,0.0834604325540691,2.9947368421052634,2.9097387173396676,-0.08499812476559576,3.263056092843327,3.1824877250409167,-0.08056836780241028,0.9526315789473684,0.9081551860649247,-0.04447639288244365,0.9456140350877194,0.9144893111638955,-0.031124723923823816,0.7859649122807018,0.8036421219319082,0.01767720965120645,27.00000000000002,116.00000000000006,89.00000000000003,570.0,1263.0,693.0,0.0,0.20665083135391923,0.20665083135391923,0.20877192982456141,0.19319081551860648,-0.015581114305954935,0.0,0.009501187648456057,0.009501187648456057,0.20877192982456141,0.18368962787015045,-0.025082301954410968
wave2_aug,272293,AMEZIEL INC AW-TX 77489,AMEZIEL INC,APS AEOF,Carl Li,2026-08-02,1227.0,1228.0,1.0,1.4857375713121435,1.1775244299674268,-0.30821314134471667,0.6723716381418093,0.8192182410423453,0.14684660290053597,3.959670781893004,3.6727726894254786,-0.2868980924675255,0.9193154034229829,0.9543973941368078,0.035081990713824895,0.882640586797066,0.9495114006514658,0.06687081385439975,1.3211083944580277,1.1628664495114007,-0.15824194494662702,3.8875305623471883,3.413680781758958,-0.47384978058823046,3.75,3.324686192468619,-0.4253138075313809,0.8622656886715566,0.9576547231270358,0.0953890344554792,0.8329258353708231,0.8973941368078175,0.06446830143699445,0.7457212713936431,0.8444625407166124,0.09874126932296934,169.00000000000003,52.00000000000002,-117.0,1227.0,1228.0,1.0,0.0,0.20358306188925082,0.20358306188925082,0.3553382233088835,0.24267100977198697,-0.11266721353689652,0.008964955175224124,0.0,-0.008964955175224124,0.3463732681336593,0.24267100977198697,-0.10370225836167235
wave2_aug,324724,shanghaihuzidianzishangwuyouxiangongsi CA 91789 ,Hong Kong HuaYa Trade Limited,APS Home Improvement,Yinan Du,2026-08-02,1387.0,1182.0,-205.0,1.4333093006488824,1.114213197969543,-0.3190961026793393,0.7310742609949531,0.6971235194585449,-0.0339507415364082,4.296076980014804,3.985432733504713,-0.3106442465100909,0.7728911319394376,0.8104906937394247,0.037599561799987136,0.8305695746214852,0.868020304568528,0.03745072994704279,0.6324909747292419,0.6370558375634517,0.004564862834209871,3.711607786589762,3.4416243654822334,-0.2699834211075287,4.162650602409639,3.7504302925989674,-0.41222030981067137,0.996395097332372,0.9856175972927242,-0.010777500039647725,0.9199711607786589,0.9153976311336718,-0.00457352964498714,0.886085075702956,0.9204737732656514,0.03438869756269536,5.000000000000076,16.999999999999943,11.999999999999867,1387.0,1182.0,-205.0,0.0,0.17428087986463622,0.17428087986463622,0.2220620043258832,0.19796954314720813,-0.024092461178675056,0.054873646209386284,0.08121827411167512,0.026344627902288836,0.16750902527075812,0.116751269035533,-0.05075775623522512
wave2_aug,280957,"CHITA (HK) IMPORT & EXPORT CO., LIMITED CA 91762 ",SPRINGDIAL (HK) E-COMMERCE LIMITED,APS,Sean Xu,2026-08-02,1410.0,1103.0,-307.0,1.5588652482269503,1.3381686310063463,-0.22069661722060396,0.7148936170212766,0.7914777878513146,0.07658417083003799,4.8955114054451805,4.667311411992263,-0.2281999934529173,0.6092198581560284,0.670897552130553,0.061677693974524606,0.6787234042553192,0.728921124206709,0.050197719951389774,1.25177304964539,0.8585675430643699,-0.39320550658102016,4.916312056737588,4.28105167724388,-0.6352603794937082,4.753048780487805,4.563106796116505,-0.18994198437130017,0.8879432624113475,0.928377153218495,0.04043389080714754,0.7914893617021277,0.8213961922030825,0.029906830500954773,0.6929078014184397,0.7262012692656392,0.033293467847199554,158.00000000000009,79.0,-79.00000000000009,1410.0,1103.0,-307.0,0.0007092198581560284,0.21305530371713507,0.21234608385897905,0.25177304964539005,0.1912964641885766,-0.06047658545681345,0.12056737588652482,0.10788757932910245,-0.012679796557422365,0.13120567375886524,0.08340888485947416,-0.04779678889939108
wave2_aug,12396,Ashley Furniture MS 38841,Ashley Furniture,Upholstery,Anne Marie Conde,2026-08-02,948.0,1087.0,139.0,1.280590717299578,1.0708371665133394,-0.2097535507862387,0.5379746835443038,0.640294388224471,0.10231970468016727,3.2235955056179777,3.2144249512670564,-0.00917055435092129,0.9314345991561181,0.9328426862925483,0.0014080871364301473,0.9852320675105485,0.9760809567617296,-0.009151110748818914,0.6708860759493671,0.655933762649494,-0.014952313299873121,3.0348101265822787,3.013799448022079,-0.021010678560199558,2.971941638608305,2.9286403085824495,-0.04330133002585557,0.979957805907173,0.9705611775528978,-0.009396628354275127,0.7848101265822784,0.8049678012879485,0.020157674705670092,0.669831223628692,0.7571297148114076,0.0872984911827156,19.000000000000032,32.00000000000005,13.000000000000018,948.0,1087.0,139.0,0.0010548523206751054,0.23091076356945722,0.22985591124878213,0.29957805907172996,0.3330266789328427,0.03344861986111275,0.12025316455696203,0.14167433302667892,0.021421168469716895,0.17932489451476794,0.19135234590616376,0.012027451391395827
wave2_aug,87326,NeoChair TX 77507,NEO CHAIR INC,Casegoods,Karolina Coulter,2026-08-02,534.0,1087.0,553.0,1.1198501872659177,0.9990800367985281,-0.12077015046738959,0.5355805243445693,0.6393744250229991,0.10379390067842986,3.127134724857685,3.1185185185185187,-0.008616206339166155,0.9662921348314607,0.9641214351425943,-0.0021706996888664065,0.9868913857677902,0.954001839926403,-0.03288954584138726,0.7490636704119851,0.7580496780128795,0.008986007600894408,2.449438202247191,2.7589696412143514,0.3095314389671602,2.70873786407767,2.8480074142724745,0.13926955019480447,0.9962546816479401,0.9944802207911684,-0.0017744608567716869,0.9606741573033708,0.9116835326586936,-0.04899062464467718,0.9119850187265918,0.9043238270469182,-0.007661191679673607,2.000000000000005,5.9999999999999725,3.9999999999999676,534.0,1087.0,553.0,0.0,0.16835326586936522,0.16835326586936522,0.2209737827715356,0.22723091076356947,0.006257127992033873,0.0,0.0,0.0,0.2209737827715356,0.22723091076356947,0.006257127992033873
wave2_aug,62366,Best Choice Products IN 46231,Best Choice Products,Decor,Shannon Hoar,2026-08-02,2005.0,1068.0,-937.0,1.686284289276808,1.2172284644194757,-0.4690558248573322,0.6743142144638404,0.8155430711610487,0.1412288566972083,3.651484135107472,3.7280534351145036,0.07656930000703177,0.9216957605985038,0.9185393258426966,-0.0031564347558071804,0.9047381546134663,0.9428838951310862,0.038145740517619875,1.0879560219890054,0.9091760299625468,-0.17877999202645867,3.564935064935065,3.3745318352059925,-0.19040322972907253,3.8194373401534527,3.8519924098671727,0.03255506971372002,0.9062344139650873,0.9485018726591761,0.042267458694088766,0.7102244389027431,0.7893258426966292,0.07910140379388608,0.7117206982543641,0.8043071161048689,0.09258641785050481,187.99999999999994,54.99999999999996,-133.0,2005.0,1068.0,-937.0,0.0004987531172069825,0.24625468164794007,0.24575592853073308,0.2399002493765586,0.2883895131086142,0.048489263732055615,0.004488778054862843,0.013108614232209739,0.008619836177346896,0.23541147132169576,0.2752808988764045,0.039869427554708736
wave2_aug,406363,GA.,SHENZHENSHIMINGXIAOSHANGMAOYOUXIANGONGSI,APS Bedroom,Lydia Liu,2026-08-02,924.0,1030.0,106.0,1.4621212121212122,1.3718446601941747,-0.09027655192703743,0.685064935064935,0.8029126213592233,0.11784768629428821,4.605927552140505,4.239800995024876,-0.3661265571156296,0.8896103896103896,0.912621359223301,0.02301096961291138,0.8928571428571429,0.920388349514563,0.02753120665742015,1.2965367965367964,1.2398058252427184,-0.056730971294078,3.824675324675325,3.695145631067961,-0.12952969360736377,3.8173190984578884,3.414101290963257,-0.4032178074946313,0.841991341991342,0.8601941747572815,0.01820283276593959,0.8863636363636364,0.8601941747572815,-0.026169461606354805,0.5703463203463204,0.5699029126213592,-0.00044340772496120895,146.00000000000003,144.0,-2.0000000000000284,924.0,1030.0,106.0,0.0,0.19320388349514564,0.19320388349514564,0.2305194805194805,0.2203883495145631,-0.010131131004917415,0.04112554112554113,0.020388349514563107,-0.02073719161097802,0.1893939393939394,0.2,0.010606060606060619
wave2_aug,101813,"Zhejiang Xingyang Furniture Co.,Ltd. CA 92880","Zhejiang Xingyang Furniture Co.,Ltd.",APS,Lacey Yan,2026-08-02,920.0,1017.0,97.0,2.722826086956522,1.2202556538839724,-1.5025704330725496,0.01847826086956522,0.816125860373648,0.7976475995040828,7.209070796460177,6.121151936444885,-1.0879188600152911,0.22608695652173913,0.35889872173058013,0.132811765208841,0.3684782608695652,0.40117994100294985,0.03270168013338465,1.2402173913043477,1.2015732546705997,-0.038644136633747994,5.8847826086956525,5.68534906588004,-0.19943354281561287,7.464444444444444,5.656281407035176,-1.808163037409268,0.9945652173913043,0.9085545722713865,-0.08601064511991785,0.933695652173913,0.8682399213372665,-0.06545573083664658,0.9391304347826087,0.7738446411012783,-0.16528579368133045,5.000000000000022,92.99999999999996,87.99999999999993,920.0,1017.0,97.0,0.0,0.1927236971484759,0.1927236971484759,0.25217391304347825,0.21042281219272368,-0.04175110085075456,0.0010869565217391304,0.0019665683382497543,0.0008796118165106238,0.2510869565217391,0.20845624385447395,-0.042630712667265175
wave2_aug,225771,Shenzhenshixiangde CA91761(12),"HONG KONG LIUXIN TECHNOLOGY CO., LIMITED",APS,Yolanda GUI,2026-08-02,1229.0,968.0,-261.0,1.4711147274206673,1.2582644628099173,-0.21285026461074996,0.7078925956061839,0.8233471074380165,0.11545451183183264,4.933829611248966,4.427528675703858,-0.5063009355451085,0.6509357200976403,0.7778925619834711,0.12695684188583078,0.6574450772986168,0.8037190082644629,0.14627393096584607,1.2327095199349065,1.015495867768595,-0.2172136521663115,4.822620016273393,3.9741735537190084,-0.8484464625543846,4.6294067067927775,4.168586387434555,-0.46082031935822254,0.8486574450772986,0.9080578512396694,0.059400406162370856,0.7860048820179008,0.8925619834710744,0.10655710145317365,0.6688364524003255,0.8677685950413223,0.1989321426409968,186.00000000000006,89.0,-97.00000000000006,1229.0,968.0,-261.0,0.0,0.23140495867768596,0.23140495867768596,0.2229454841334418,0.20557851239669422,-0.01736697173674759,0.022782750203417412,0.01652892561983471,-0.006253824583582701,0.2001627339300244,0.1890495867768595,-0.011113147153164887
wave2_aug,407374,"Shenzhen Litian Technology Co., Ltd CA 92324","Shenzhen Litian Technology Co., Ltd",APS Home Improvement,Nicole Sun,2026-08-02,947.0,938.0,-9.0,1.7117212249208025,1.3912579957356077,-0.32046322918519476,0.6166842661034847,0.7377398720682303,0.12105560596474563,4.762312633832977,4.618790496760259,-0.14352213707271755,0.6937697993664202,0.7505330490405118,0.05676324967409152,0.7001055966209081,0.744136460554371,0.044030863933462894,1.2914466737064414,1.2345415778251598,-0.056905095881281564,4.496304118268215,4.340085287846482,-0.15621883042173312,4.5435729847494555,4.438918918918919,-0.1046540658305366,0.9450897571277719,0.9381663113006397,-0.006923445827132224,0.8585005279831045,0.8624733475479744,0.003972819564869945,0.7465681098204857,0.7953091684434968,0.048741058623011035,52.00000000000003,58.00000000000001,5.999999999999979,947.0,938.0,-9.0,0.0010559662090813093,0.2537313432835821,0.2526753770745008,0.23231256599788808,0.27292110874200426,0.04060854274411618,0.0021119324181626186,0.011727078891257996,0.009615146473095377,0.23020063357972545,0.26119402985074625,0.030993396271020796
wave2_aug,100349,Shenzhenshi hongyanzhiji keji CA 91761(6),HK DANSHUO TRADING LIMITED,APS,Yolanda GUI,2026-08-02,937.0,930.0,-7.0,1.471718249733191,1.2634408602150538,-0.20827738951813735,0.7321237993596584,0.8096774193548387,0.07755361999518029,4.4885745375408055,4.419956140350878,-0.0686183971899279,0.7395944503735326,0.7526881720430108,0.013093721669478198,0.7652081109925294,0.7774193548387097,0.01221124384618033,1.2945570971184632,1.0483870967741935,-0.24617000034426972,4.326574172892209,4.093548387096774,-0.23302578579543454,4.172259507829978,4.252480705622933,0.08022119779295522,0.848452508004269,0.9193548387096774,0.07090233070540841,0.8228388473852721,0.8505376344086022,0.027698787023330063,0.7235859124866596,0.8483870967741935,0.12480118428753395,141.99999999999997,75.00000000000004,-66.99999999999993,937.0,930.0,-7.0,0.0,0.22580645161290322,0.22580645161290322,0.19850586979722518,0.2172043010752688,0.01869843127804363,0.026680896478121666,0.010752688172043012,-0.015928208306078655,0.1718249733191035,0.2064516129032258,0.03462663958412229
wave2_aug,344657,Shenzhenshi Daman Shiye Youxiangongsi GA 31407,Shenzhenshi Daman Shiye Youxiangongsi,APS K&D,Stella Yin,2026-08-02,647.0,925.0,278.0,2.958268933539413,1.478918918918919,-1.4793500146204939,0.0015455950540958269,0.5545945945945946,0.5530489995404988,4.472353870458136,4.383759733036707,-0.08859413742142852,0.9088098918083463,0.9286486486486486,0.01983875684030234,0.9072642967542504,0.9275675675675675,0.020303270813317176,1.2071097372488409,1.4075675675675676,0.20045783031872677,3.794435857805255,3.7762162162162163,-0.01821964158903855,4.99510603588907,4.495565410199556,-0.4995406256895141,0.9845440494590417,0.6356756756756756,-0.3488683737833661,0.8732612055641422,0.825945945945946,-0.04731525961819627,0.865533230293663,0.8172972972972973,-0.04823593299636575,10.000000000000004,337.00000000000006,327.00000000000006,647.0,925.0,278.0,0.0,0.07135135135135136,0.07135135135135136,0.22565687789799072,0.23675675675675675,0.011099878858766038,0.10819165378670788,0.04864864864864865,-0.05954300513805923,0.11746522411128284,0.1881081081081081,0.07064288399682526
wave2_aug,372043,shenzhenshilijinchengmaoyiyouxiangongsi GA 30331,Hong Kong HuaYa Trade Limited,APS Home Improvement,Yinan Du,2026-08-02,817.0,874.0,57.0,2.705018359853121,1.22883295194508,-1.476185407908041,0.05997552019583843,0.8089244851258581,0.7489489649300197,3.9076154806491887,3.621965317919075,-0.2856501627301138,0.9400244798041616,0.9702517162471396,0.03022723644297798,0.9645042839657283,0.9622425629290617,-0.002261721036666553,1.1004901960784315,1.0125858123569793,-0.08790438372145215,3.197062423500612,3.1327231121281462,-0.06433931137246596,4.340452261306533,3.255491329479769,-1.084960931826764,0.9840881272949816,0.8318077803203662,-0.15228034697461545,0.9253365973072215,0.897025171624714,-0.02831142568250755,0.9277845777233782,0.8363844393592678,-0.09140013836411043,13.000000000000009,146.99999999999997,133.99999999999997,817.0,874.0,57.0,0.0012239902080783353,0.2231121281464531,0.22188813793837475,0.20807833537331702,0.17963386727688788,-0.028444468096429143,0.1017156862745098,0.059496567505720827,-0.04221911876878898,0.10661764705882353,0.12013729977116705,0.013519652712343525
wave2_aug,58218,"VM MP, LLC IN 46143",Spreetail,Storage & Org - Frequency,Claire Przybocki,2026-08-02,1130.0,868.0,-262.0,1.4805309734513274,0.7880184331797235,-0.6925125402716039,0.6823008849557523,0.5506912442396313,-0.1316096407161209,3.12708719851577,2.691401648998822,-0.4356855495169478,0.911504424778761,0.967741935483871,0.05623751070510996,0.9707964601769912,0.9873271889400922,0.01653072876310102,0.7823008849557522,0.4290657439446367,-0.3532351410111155,2.476991150442478,2.0933179723502304,-0.38367317809224755,3.1179201485608172,2.3896103896103895,-0.7283097589504277,0.9716814159292035,0.9804147465437788,0.008733330614575263,0.868141592920354,0.8882488479262672,0.02010725500591326,0.8451327433628318,0.880184331797235,0.03505158843440315,32.0,17.0,-15.0,1130.0,868.0,-262.0,0.0,0.1543778801843318,0.1543778801843318,0.3053097345132743,0.28225806451612906,-0.023051669997145252,0.14778761061946902,0.12672811059907835,-0.02105950002039067,0.15752212389380532,0.15552995391705068,-0.0019921699767546375
wave2_aug,414154,"NINGBO JOYS IMP. EXP. CO.,LTD NJ 08505",Gymax LLC,APS Outdoor,David Liu,2026-08-02,1295.0,867.0,-428.0,9.858687258687258,1.2122260668973472,-8.64646119178991,0.0,0.8131487889273357,0.8131487889273357,4.389193422083007,3.532863849765258,-0.8563295723177493,0.8416988416988417,0.9700115340253749,0.1283126923265332,0.9397683397683397,0.9734717416378316,0.033703401869491834,0.91112828438949,1.0242214532871972,0.11309316889770715,3.2517374517374518,3.1026528258362167,-0.14908462590123506,3.5208503679476695,3.0715962441314555,-0.449254123816214,0.9992277992277993,0.9492502883506344,-0.049977510877164844,0.938996138996139,0.881199538638985,-0.05779660035715395,0.8324324324324325,0.81199538638985,-0.020437046042582452,0.9999999999999692,43.99999999999997,43.0,1295.0,867.0,-428.0,0.0,0.21453287197231835,0.21453287197231835,0.2571428571428571,0.24798154555940022,-0.0091613115834569,0.08578052550231839,0.04267589388696655,-0.04310463161535184,0.17156105100463678,0.20530565167243367,0.03374460066779689
wave2_aug,356699,shanghaihuzidianzishangwuyouxiangongsi NJ 08016,Hong Kong HuaYa Trade Limited,APS Home Improvement,Yinan Du,2026-08-02,1053.0,810.0,-243.0,1.4681861348528016,1.0765432098765433,-0.3916429249762583,0.7122507122507122,0.7222222222222222,0.009971509971509973,3.480806142034549,3.1964956195244056,-0.2843105225101432,0.9449192782526116,0.9703703703703703,0.025451092117758756,0.98005698005698,0.980246913580247,0.00018993352326690527,0.6628679962013295,0.6469135802469136,-0.015954415954415935,2.786324786324786,2.7049382716049384,-0.08138651471984781,3.275390625,2.9532237673830593,-0.32216685761694075,0.9924026590693258,0.9975308641975309,0.00512820512820511,0.9591642924976258,0.908641975308642,-0.05052231718898381,0.9173789173789174,0.9037037037037037,-0.013675213675213738,7.999999999999946,1.999999999999973,-5.999999999999973,1053.0,810.0,-243.0,0.0,0.1765432098765432,0.1765432098765432,0.2754036087369421,0.2740740740740741,-0.0013295346628680038,0.13010446343779677,0.10864197530864197,-0.0214624881291548,0.1452991452991453,0.1654320987654321,0.020132953466286796
wave2_aug,58219,"VM MP, LLC GA 31308",Spreetail,Storage & Org - Frequency,Claire Przybocki,2026-08-02,873.0,799.0,-74.0,1.702176403207331,0.8147684605757196,-0.8874079426316114,0.6758304696449027,0.5256570713391739,-0.15017339830572873,2.960620525059666,2.7628458498023716,-0.19777467525729442,0.9518900343642611,0.9374217772215269,-0.014468257142734253,0.9679266895761741,0.986232790988736,0.018306101412561837,0.6838487972508591,0.493116395494368,-0.19073240175649114,2.1626575028636883,1.9249061326658323,-0.23775137019785597,3.053763440860215,2.4782608695652173,-0.5755025712949977,0.9713631156930126,0.9874843554443054,0.01612123975129276,0.8911798396334479,0.8873591989987485,-0.003820640634699446,0.865979381443299,0.867334167709637,0.001354786266338004,25.000000000000007,10.000000000000025,-14.999999999999982,873.0,799.0,-74.0,0.002290950744558992,0.15519399249061328,0.1529030417460543,0.30584192439862545,0.2753441802252816,-0.030497744173343833,0.15234822451317298,0.10638297872340426,-0.045965245789768724,0.15349369988545247,0.16896120150187735,0.015467501616424878
wave2_aug,324716,Stellweilan Tessberg LLC CA 91789,Stellweilan Tessberg LLC,Storage & Org,Supplier Service Desk,2026-08-02,822.0,791.0,-31.0,1.4428223844282237,0.8609355246523388,-0.581886859775885,0.7408759124087592,0.6283185840707964,-0.11255732833796273,4.1106965174129355,3.835705045278137,-0.27499147213479835,0.7956204379562044,0.8331226295828066,0.03750219162660218,0.8807785888077859,0.8647281921618205,-0.016050396645965415,0.6763990267639902,0.618204804045512,-0.058194222718478184,3.4720194647201947,3.3324905183312263,-0.1395289463889684,3.900889453621347,3.430065359477124,-0.470824094144223,0.9987834549878345,0.9683944374209861,-0.03038901756684842,0.9209245742092458,0.9102402022756005,-0.010684371933645243,0.8807785888077859,0.8862199747155499,0.005441385907763996,1.0000000000000444,25.000000000000014,23.99999999999997,822.0,791.0,-31.0,0.0012165450121654502,0.13274336283185842,0.13152681781969297,0.21654501216545013,0.16055625790139064,-0.0559887542640595,0.05474452554744526,0.056890012642225034,0.0021454870947797758,0.16180048661800486,0.10366624525916561,-0.05813424135883925
wave2_aug,346062,"FUFU and GAGA Trade Co., Ltd. CA 91761 (3)","FUFU and GAGA Trade Co., Ltd.",APS Bedroom,Christal Ding,2026-08-02,725.0,789.0,64.0,1.3972413793103449,1.220532319391635,-0.17670905991870978,0.7075862068965517,0.8365019011406845,0.12891569424413274,4.57887323943662,4.490322580645161,-0.0885506587914584,0.7779310344827586,0.8124207858048162,0.03448975132205767,0.7820689655172414,0.779467680608365,-0.0026012849088763446,1.1917241379310344,1.1888466413181242,-0.0028774966129101465,4.2924137931034485,4.20532319391635,-0.08709059918709894,4.288824383164005,4.243208279430789,-0.04561610373321656,0.886896551724138,0.7921419518377694,-0.09475459988636858,0.8137931034482758,0.7870722433460076,-0.026720860102268262,0.68,0.6869455006337135,0.006945500633713464,81.99999999999999,163.99999999999997,81.99999999999999,725.0,789.0,64.0,0.0,0.21673003802281368,0.21673003802281368,0.23586206896551723,0.17237008871989862,-0.06349198024561861,0.034482758620689655,0.0,-0.034482758620689655,0.2013793103448276,0.17237008871989862,-0.02900922162492897
wave2_aug,59554,EC EXPORT INC. NJ 08505,EC EXPORT INC. NJ 08831,APS,Ida Li,2026-08-02,998.0,787.0,-211.0,1.4258517034068137,1.326556543837357,-0.09929515956945667,0.7434869739478958,0.8271918678526048,0.08370489390470903,3.54974358974359,3.378449408672799,-0.17129418107079086,0.9148296593186372,0.9097839898348158,-0.005045669483821458,0.9298597194388778,0.9567979669631512,0.02693824752427343,1.1372745490981964,1.0584498094027954,-0.07882473969540094,3.283567134268537,3.110546378653113,-0.17302075561542374,3.3670613562970937,3.2207621550591328,-0.14629920123796092,0.9759519038076152,0.951715374841169,-0.024236528966446236,0.8927855711422845,0.8462515883100381,-0.04653398283224641,0.779559118236473,0.8017789072426937,0.02221978900622079,24.000000000000025,38.00000000000002,13.999999999999996,998.0,787.0,-211.0,0.0,0.20076238881829733,0.20076238881829733,0.23446893787575152,0.22998729351969505,-0.004481644356056469,0.08316633266533066,0.10927573062261753,0.026109397957286867,0.15130260521042085,0.1207115628970775,-0.03059104231334335
wave2_aug,12397,Ashley Furniture WI 54612,Ashley Furniture,Upholstery,Anne Marie Conde,2026-08-02,606.0,766.0,160.0,1.4455445544554455,0.8655352480417755,-0.58000930641367,0.5775577557755776,0.6005221932114883,0.0229644374359107,3.3644214162348876,3.247191011235955,-0.11723040499893234,0.9108910891089109,0.8942558746736292,-0.01663521443528171,0.9537953795379538,0.9556135770234987,0.0018181974855449035,0.5907590759075908,0.5404699738903395,-0.05028910201725134,3.216171617161716,3.14621409921671,-0.06995751794500604,3.2055267702936097,2.9706703910614527,-0.23485637923215696,0.9966996699669967,0.9882506527415144,-0.008449017225482303,0.7838283828382838,0.741514360313316,-0.042314022524967854,0.7046204620462047,0.6488250652741514,-0.05579539677205325,2.000000000000024,9.000000000000002,6.999999999999978,606.0,766.0,160.0,0.0,0.17362924281984335,0.17362924281984335,0.35148514851485146,0.2898172323759791,-0.06166791613887235,0.18316831683168316,0.11096605744125326,-0.0722022593904299,0.16831683168316833,0.17885117493472585,0.010534343251557526
wave2_aug,266873,Hong Kong Linsy International Trading NJ 08016(2),HONG KONG LINSYHOME INTERNATIONAL TRADING LIMITED,APS Bedroom,Wendy Wang,2026-08-02,820.0,763.0,-57.0,1.4146341463414633,1.2765399737876801,-0.1380941725537832,0.723170731707317,0.8125819134993447,0.08941118179202767,3.3333333333333335,3.4466666666666668,0.11333333333333329,0.9597560975609756,0.9344692005242464,-0.02528689703672915,0.9719512195121951,0.9646133682830931,-0.0073378512291020215,0.8695121951219512,1.0222804718217562,0.15276827669980497,2.7878048780487803,3.0681520314547837,0.28034715340600336,3.192982456140351,3.3828647925033466,0.18988233636299556,0.9914634146341463,0.8885976408912188,-0.10286577374292749,0.9536585365853658,0.8558322411533421,-0.0978262954320237,0.8365853658536585,0.7588466579292268,-0.07773870792443172,7.000000000000006,85.00000000000003,78.00000000000003,820.0,763.0,-57.0,0.0,0.19790301441677588,0.19790301441677588,0.2707317073170732,0.26474442988204455,-0.005987277435028637,0.0,0.0,0.0,0.2707317073170732,0.26474442988204455,-0.005987277435028637
wave2_aug,327749,无忧达美西区CAJW02,Hong Kong Baojia International Limited,APS,Yinan Du,2026-08-02,705.0,744.0,39.0,1.4226950354609929,1.2540322580645162,-0.16866277739647662,0.7304964539007093,0.8158602150537635,0.08536376115305422,4.086956521739131,4.043537414965987,-0.0434191067731442,0.8156028368794326,0.8172043010752689,0.0016014641958362885,0.8638297872340426,0.7956989247311828,-0.06813086250285982,1.1560283687943262,1.2634408602150538,0.10741249142072751,3.774468085106383,4.048387096774194,0.27391901166781096,3.800599700149925,3.94421768707483,0.1436179869249048,0.9702127659574468,0.9233870967741935,-0.04682566918325326,0.9134751773049645,0.8803763440860215,-0.033098833218943025,0.851063829787234,0.9059139784946236,0.05485014870738958,21.000000000000032,57.00000000000003,36.0,705.0,744.0,39.0,0.0,0.2271505376344086,0.2271505376344086,0.25390070921985813,0.25,-0.003900709219858134,0.0,0.0,0.0,0.25390070921985813,0.25,-0.003900709219858134
wave2_aug,125733,Shenzhen Zhichen Trading Co. LTD. CA 91748,Shenzhen Zhichen Trading Co. LTD.,APS K&D,Stella Yin,2026-08-02,929.0,734.0,-195.0,1.5134553283100107,1.098092643051771,-0.4153626852582397,0.6533907427341227,0.7643051771117166,0.11091443437759396,4.744541484716157,4.105409153952843,-0.6391323307633137,0.7330462863293864,0.8596730245231607,0.12662673819377435,0.7685683530678149,0.8841961852861036,0.11562783221828865,0.8654467168998924,0.8337874659400545,-0.031659250959837903,4.066738428417653,3.5708446866485013,-0.495893741769152,4.378142076502733,3.6887966804979255,-0.689345396004807,0.9795479009687836,0.9536784741144414,-0.025869426854342237,0.9095801937567277,0.8801089918256131,-0.029471201931114632,0.8589881593110872,0.8365122615803815,-0.022475897730705685,19.000000000000004,34.000000000000014,15.00000000000001,929.0,734.0,-195.0,0.0,0.2016348773841962,0.2016348773841962,0.2238966630785791,0.24250681198910082,0.018610148910521707,0.10118406889128095,0.1008174386920981,-0.00036663019918285744,0.12271259418729817,0.14168937329700274,0.018976779109704564
wave2_aug,153347,Alphamarts TX 77521(2),Alphamarts,APS Outdoor,Melody Lu,2026-08-02,1059.0,721.0,-338.0,1.5807365439093484,1.1844660194174756,-0.3962705244918727,0.7025495750708215,0.8335644937586685,0.13101491868784698,3.871794871794872,3.6454802259887007,-0.2263146458061711,0.9084041548630784,0.9431345353675451,0.03473038050446675,0.9112370160528801,0.9583911234396671,0.04715410738678705,1.242681775259679,1.0110957004160888,-0.23158607484359028,3.5939565627950896,3.233009708737864,-0.3609468540572256,3.5816532258064515,3.948717948717949,0.3670647229114974,0.8508026440037771,0.9001386962552012,0.04933605225142401,0.8101983002832861,0.8460471567267683,0.035848856443482235,0.5986779981114259,0.812760055478502,0.2140820573670762,158.0,71.99999999999997,-86.00000000000003,1059.0,721.0,-338.0,0.0018885741265344666,0.21636615811373092,0.21447758398719646,0.2474032105760151,0.19972260748959778,-0.047680603086417334,0.009442870632672332,0.0027739251040221915,-0.00666894552865014,0.23796033994334279,0.19694868238557559,-0.0410116575577672
wave2_aug,409174,zhengzhoushijianxingwangluokejiyouxiangongsi GA 31407,zhengzhoushijianxingwangluokejiyouxiangongsi,APS Bedroom,Lydia Liu,2026-08-02,590.0,711.0,121.0,2.8508474576271188,1.1772151898734178,-1.673632267753701,0.003389830508474576,0.7454289732770746,0.7420391427686001,4.709342560553633,4.228898426323319,-0.4804441342303143,0.8508474576271187,0.9226441631504922,0.07179670552337358,0.8830508474576271,0.9226441631504922,0.03959331569286517,1.1711864406779662,1.20112517580872,0.029938735130753846,3.9949152542372883,3.818565400843882,-0.17634985339340625,4.928446771378709,3.407460545193687,-1.5209862261850216,0.9983050847457627,0.7862165963431786,-0.2120884884025841,0.8915254237288136,0.8888888888888888,-0.0026365348399247646,0.8847457627118644,0.5274261603375527,-0.3573196023743117,0.9999999999999842,151.99999999999997,151.0,590.0,711.0,121.0,0.001694915254237288,0.19549929676511954,0.19380438151088225,0.23898305084745763,0.26019690576652604,0.02121385491906841,0.061016949152542375,0.04922644163150492,-0.011790507521037455,0.17796610169491525,0.2109704641350211,0.03300436244010585
wave2_aug,353664,shenzhenzhijingdianzishangwuyouxiangong WPPA2,shenzhenzhijingdianzishangwuyouxiangongsi,APS Bedroom,Lydia Liu,2026-08-02,626.0,709.0,83.0,2.608626198083067,1.1904090267983074,-1.4182171712847595,0.04472843450479233,0.8222849083215797,0.7775564738167874,3.8287560581583198,3.6278735632183907,-0.20088249493992905,0.9536741214057508,0.9590973201692524,0.005423198763501613,0.9664536741214057,0.9732016925246827,0.00674801840327699,1.1421725239616614,1.1706629055007052,0.02849038153904382,3.001597444089457,3.1001410437235544,0.09854359963409731,4.341423948220065,3.0644699140401146,-1.2769540341799503,0.9744408945686901,0.9040902679830748,-0.0703506265856153,0.9345047923322684,0.9083215796897038,-0.026183212642564513,0.8642172523961661,0.5627644569816643,-0.30145279541450176,16.0,67.99999999999997,51.99999999999997,626.0,709.0,83.0,0.0,0.1918194640338505,0.1918194640338505,0.2012779552715655,0.21015514809590974,0.008877192824344238,0.01597444089456869,0.005641748942172073,-0.010332691952396616,0.1853035143769968,0.20451339915373765,0.01920988477674085
wave2_aug,368845,GLERUS LTD NJ 07036,GLERUS LTD,Casegoods,Zichu Wang,2026-08-02,653.0,688.0,35.0,1.5329249617151608,1.2761627906976745,-0.25676217101748633,0.6952526799387443,0.8197674418604651,0.12451476192172084,3.110047846889952,2.880664652567976,-0.22938319432197618,0.9341500765696784,0.9534883720930233,0.019338295523344873,0.9632465543644717,0.9796511627906976,0.01640460842622593,0.8759571209800919,0.8081395348837209,-0.06781758609637101,2.76416539050536,2.5857558139534884,-0.1784095765518714,3.06482982171799,2.8582089552238807,-0.20662086649410938,0.9218989280245024,0.9462209302325582,0.024322002208055804,0.8468606431852986,0.8619186046511628,0.015057961465864134,0.8039816232771823,0.8488372093023255,0.04485558602514328,50.999999999999964,36.999999999999986,-13.999999999999979,653.0,688.0,35.0,0.0,0.19040697674418605,0.19040697674418605,0.24042879019908117,0.22819767441860464,-0.012231115780476531,0.12557427258805512,0.10319767441860465,-0.022376598169450465,0.11485451761102604,0.125,0.010145482388973961
wave2_aug,51786,NeoChair CA 90723,NEO CHAIR INC,Casegoods,Karolina Coulter,2026-08-02,633.0,688.0,55.0,1.1026856240126381,0.8866279069767442,-0.21605771703589394,0.5387045813586098,0.6526162790697675,0.11391169771115772,3.5437201907790143,3.206140350877193,-0.3375798399018213,0.9589257503949447,0.9927325581395349,0.03380680774459022,0.976303317535545,0.9883720930232558,0.012068775487710792,0.8009478672985783,0.7921511627906976,-0.008796704507880615,2.992101105845182,2.8401162790697674,-0.15198482677541447,3.067434210526316,2.9313868613138685,-0.13604734921244743,0.9715639810426541,0.9854651162790697,0.013901135236415674,0.9273301737756714,0.9331395348837209,0.005809361108049527,0.8404423380726699,0.9462209302325582,0.10577859215988827,17.999999999999975,10.000000000000018,-7.999999999999957,633.0,688.0,55.0,0.0,0.21511627906976744,0.21511627906976744,0.22274881516587677,0.25,0.027251184834123227,0.0,0.0,0.0,0.22274881516587677,0.25,0.027251184834123227
wave2_aug,174756,Zhejiang Paide Network Technology Co Ltd CA 92571,Zhejiang Paide Network Technology Co Ltd,APS,Ricky Yu,2026-08-02,497.0,660.0,163.0,1.3782696177062375,1.1424242424242423,-0.23584537528199512,0.7303822937625755,0.8575757575757575,0.12719346381318208,4.637474541751527,4.4176829268292686,-0.21979161492225874,0.7002012072434608,0.7863636363636364,0.08616242912017558,0.8128772635814889,0.803030303030303,-0.009846960551185946,0.7706237424547284,0.9606060606060606,0.18998231815133215,3.86317907444668,4.037878787878788,0.174699713432108,4.417536534446764,4.342987804878049,-0.07454872956871572,0.9919517102615694,0.9590909090909091,-0.03286080117066026,0.9255533199195171,0.8954545454545455,-0.030098774464971556,0.8873239436619719,0.9075757575757576,0.02025181391378572,4.000000000000027,26.99999999999999,22.999999999999964,497.0,660.0,163.0,0.0,0.25757575757575757,0.25757575757575757,0.2012072434607646,0.2772727272727273,0.07606548381196268,0.012072434607645875,0.02878787878787879,0.016715444180232915,0.1891348088531187,0.24848484848484848,0.05935003963172977
wave2_aug,406808,Yii Lighting CA  92324,Eternadecor INC_1,APS Home Improvement,Aria LI,2026-08-02,818.0,611.0,-207.0,1.382640586797066,1.546644844517185,0.16400425772011906,0.7506112469437652,0.7643207855973814,0.013709538653616127,5.731984829329962,5.64527027027027,-0.08671455905969161,0.4315403422982885,0.4500818330605565,0.018541490762267965,0.4193154034229829,0.4746317512274959,0.055316347804513,1.2860635696821516,1.4189852700491,0.13292170036694828,5.766503667481663,5.695581014729951,-0.07092265275171172,5.513089005235602,5.518965517241379,0.005876512005777101,0.9437652811735942,0.8919803600654664,-0.05178492110812771,0.7640586797066015,0.8101472995090017,0.0460886198024002,0.687041564792176,0.7610474631751227,0.07400589838294669,45.999999999999986,66.0,20.000000000000014,818.0,611.0,-207.0,0.0,0.18985270049099837,0.18985270049099837,0.1821515892420538,0.24386252045826515,0.06171093121621135,0.003667481662591687,0.011456628477905073,0.0077891468153133865,0.1784841075794621,0.23240589198036007,0.05392178440089798
wave2_aug,329946,Nourison PA 18067,Nourison,Rugs,Alex Melius,2026-08-02,639.0,595.0,-44.0,1.5712050078247262,1.1983193277310924,-0.37288568009363376,0.7136150234741784,0.719327731092437,0.0057127076182585945,3.6157556270096465,3.4705882352941178,-0.14516739171552873,0.9342723004694836,0.9310924369747899,-0.00317986349469368,0.9530516431924883,0.9394957983193277,-0.013555844873160527,1.051643192488263,1.053781512605042,0.0021383201167790578,3.0907668231611893,3.2016806722689077,0.1109138491077184,3.273026315789474,2.9707401032702236,-0.30228621251925025,0.9937402190923318,0.9747899159663865,-0.018950303125945256,0.9076682316118936,0.8420168067226891,-0.0656514248892045,0.8278560250391236,0.773109243697479,-0.05474678134164457,3.9999999999999867,15.000000000000012,11.000000000000025,639.0,595.0,-44.0,0.001564945226917058,0.22521008403361345,0.2236451388066964,0.20187793427230047,0.28739495798319326,0.08551702371089279,0.0,0.0,0.0,0.20187793427230047,0.28739495798319326,0.08551702371089279
wave2_aug,370173,aifei(shanghai)kejiyouxiangongsi GA 30517,aifei(shanghai)kejiyouxiangongsi,APS K&D,Eve Deng,2026-08-02,637.0,587.0,-50.0,2.642072213500785,1.2555366269165247,-1.3865355865842601,0.05337519623233909,0.8057921635434412,0.7524169673111021,4.21939586645469,3.9452054794520546,-0.2741903870026352,0.9215070643642073,0.9761499148211243,0.05464285045691708,0.9497645211930926,0.9420783645655877,-0.0076861566275049364,1.128930817610063,1.6626916524701874,0.5337608348601244,3.499215070643642,3.8841567291311754,0.38494165848753337,4.6875,4.344768439108062,-0.3427315608919379,0.9748822605965463,0.4957410562180579,-0.47914120437848834,0.9277864992150706,0.8006814310051107,-0.12710506820995993,0.9230769230769231,0.8654173764906303,-0.0576595465862928,16.000000000000036,295.99999999999994,279.9999999999999,637.0,587.0,-50.0,0.0,0.10732538330494037,0.10732538330494037,0.2778649921507064,0.16183986371379896,-0.11602512843690746,0.0031446540880503146,0.05792163543441227,0.054776981346361955,0.2751572327044025,0.10391822827938671,-0.1712390044250158
wave2_aug,247707,simplehuman CA 90808,simplehuman,Storage & Org - Frequency,Bryn Bennett,2026-08-02,816.0,585.0,-231.0,1.4644607843137254,0.7982905982905983,-0.666170186023127,0.6862745098039216,0.5196581196581197,-0.16661639014580187,5.109164420485175,4.256029684601113,-0.853134735884062,0.5343137254901961,0.7401709401709402,0.20585721468074414,0.6691176470588235,0.811965811965812,0.14284816490698848,0.8345588235294118,0.7025641025641025,-0.1319947209653093,4.632352941176471,3.85982905982906,-0.7725238813474111,4.995884773662551,3.8542056074766355,-1.1416791661859156,0.991421568627451,0.9675213675213675,-0.023900201106083485,0.8419117647058824,0.8034188034188035,-0.03849296128707891,0.8026960784313726,0.8102564102564103,0.0075603318250376805,6.999999999999975,18.999999999999996,12.000000000000021,816.0,585.0,-231.0,0.0,0.17777777777777778,0.17777777777777778,0.23774509803921567,0.23931623931623933,0.0015711412770236521,0.0024509803921568627,0.0,-0.0024509803921568627,0.23529411764705882,0.23931623931623933,0.004022121669180506
wave2_aug,458764,NEW BKFARMHOUSE INC CA 91761 (4),NEW BKFARMHOUSE INC,APS Pet,Regan Zou,2026-08-02,526.0,574.0,48.0,1.3365019011406845,1.2770034843205575,-0.05949841682012691,0.7338403041825095,0.7717770034843205,0.037936699301811094,5.323754789272031,5.086267605633803,-0.23748718363822796,0.5893536121673004,0.6393728222996515,0.05001921013235111,0.6463878326996197,0.6254355400696864,-0.020952292629933367,1.231939163498099,1.3170731707317074,0.08513400723360842,4.986692015209125,4.923344947735192,-0.06334706747393337,6.121153846153846,4.691489361702128,-1.4296644844517186,0.8897338403041825,0.8275261324041812,-0.0622077079000013,0.8365019011406845,0.8519163763066202,0.015414475165935748,0.8935361216730038,0.5749128919860628,-0.318623229686941,58.00000000000003,99.00000000000001,40.999999999999986,526.0,574.0,48.0,0.0,0.23170731707317074,0.23170731707317074,0.1958174904942966,0.1986062717770035,0.0027887812827069036,0.026615969581749048,0.0,-0.026615969581749048,0.16920152091254753,0.1986062717770035,0.02940475086445596
wave2_aug,172965,BLUEBELL INTERNATIONAL INC. CA 91761,BLUEBELL INTERNATIONAL INC.,APS,Yolanda GUI,2026-08-02,782.0,574.0,-208.0,1.4053708439897699,1.1219512195121952,-0.2834196244775746,0.7097186700767263,0.7317073170731707,0.021988646996444428,4.778067885117493,4.438721136767318,-0.33934674835017553,0.6649616368286445,0.7822299651567944,0.11726832832814993,0.6815856777493606,0.7996515679442509,0.11806589019489022,1.251918158567775,0.9407665505226481,-0.31115160804512687,4.59079283887468,3.8745644599303137,-0.7162283789443666,4.53202614379085,3.879646017699115,-0.6523801260917343,0.8554987212276215,0.9041811846689896,0.04868246344136806,0.8056265984654731,0.8832752613240418,0.07764866285856864,0.7135549872122762,0.8170731707317073,0.1035181835194311,112.99999999999999,54.99999999999999,-57.99999999999999,782.0,574.0,-208.0,0.0,0.18292682926829268,0.18292682926829268,0.2071611253196931,0.16550522648083624,-0.04165589883885687,0.034526854219948847,0.013937282229965157,-0.02058957198998369,0.17263427109974425,0.15156794425087108,-0.021066326848873163
wave2_aug,347934,Ningbo Jiangbei Fufu CA 91761 (3),Ningbo Jiangbei Fufu,APS Bedroom,Christal Ding,2026-08-02,649.0,551.0,-98.0,1.50231124807396,1.4809437386569873,-0.02136750941697274,0.7349768875192604,0.8239564428312159,0.08897955531195556,4.5149606299212595,4.250936329588015,-0.26402430033324453,0.7781201848998459,0.8257713248638838,0.047651139964037914,0.8043143297380585,0.8257713248638838,0.02145699512582533,1.1926040061633283,1.41016333938294,0.21755933321961174,4.240369799691834,4.168784029038113,-0.07158577065372107,4.2609400324149105,3.9530075187969924,-0.30793251361791807,0.9090909090909091,0.8257713248638838,-0.08331958422702523,0.8151001540832049,0.8112522686025408,-0.0038478854806640594,0.6055469953775039,0.6152450090744102,0.00969801369690626,59.00000000000002,96.00000000000001,36.99999999999999,649.0,551.0,-98.0,0.0015408320493066256,0.1851179673321234,0.18357713528281677,0.21571648690292758,0.1306715063520871,-0.08504498055084048,0.026194144838212634,0.0,-0.026194144838212634,0.18952234206471494,0.1306715063520871,-0.058850835712627836
wave2_aug,463964,Grand Leisure Outdoor Product CA 92335,Grand Leisure Outdoor Product Co.,APS Outdoor,Melody Lu,2026-08-16,927.0,540.0,-387.0,3.1305285868392665,3.283333333333333,0.15280474649406672,0.535059331175836,0.15925925925925927,-0.37580007191657677,6.4328523862375135,5.809248554913295,-0.6236038313242185,0.44228694714131606,0.5444444444444444,0.10215749730312834,0.5037756202804746,0.6555555555555556,0.15177993527508093,1.8284789644012944,1.1277777777777778,-0.7007011866235167,5.8263214670981665,4.601851851851852,-1.2244696152463144,6.834474885844749,6.428023032629558,-0.4064518532151906,0.9460625674217907,0.975925925925926,0.02986335850413524,0.8629989212513485,0.8777777777777778,0.014778856526429296,0.7486515641855448,0.8796296296296297,0.13097806544408486,49.999999999999986,12.999999999999973,-37.000000000000014,927.0,540.0,-387.0,0.0010787486515641855,0.1425925925925926,0.14151384394102842,0.16936353829557713,0.27037037037037037,0.10100683207479325,0.004314994606256742,0.0,-0.004314994606256742,0.1650485436893204,0.27037037037037037,0.10532182668104997
wave2_aug,349462,YESURE INC. CA 92571,YESURE INC.,APS Decor,Qiwen Fan,2026-08-02,860.0,535.0,-325.0,1.386046511627907,1.3906542056074767,0.004607693979569616,0.7162790697674418,0.788785046728972,0.07250597696153016,5.318996415770609,4.684313725490196,-0.634682690280413,0.5651162790697675,0.7009345794392523,0.13581830036948483,0.6116279069767442,0.7551401869158878,0.14351227993914362,0.8941860465116279,1.1046728971962616,0.2104868506846337,4.8534883720930235,4.381308411214953,-0.4721799608780701,4.97677261613692,4.521484375,-0.4552882411369197,0.9790697674418605,0.9009345794392524,-0.0781351880026081,0.8348837209302326,0.8261682242990654,-0.008715496631167108,0.7197674418604652,0.708411214953271,-0.011356226907194178,17.999999999999993,52.99999999999998,34.999999999999986,860.0,535.0,-325.0,0.0,0.27102803738317754,0.27102803738317754,0.24883720930232558,0.30280373831775703,0.05396652901543145,0.0069767441860465115,0.0,-0.0069767441860465115,0.24186046511627907,0.30280373831775703,0.060943273201477965
wave2_aug,468576,shilijincheng dangerous CA 91762(2),Hong Kong HuaYa Trade Limited,APS Home Improvement,Yinan Du,2026-08-02,595.0,474.0,-121.0,1.4840336134453782,1.2790697674418605,-0.2049638460035177,0.6873949579831933,0.7827004219409283,0.09530546395773498,4.93298969072165,4.3949044585987265,-0.5380852321229233,0.6369747899159663,0.8164556962025317,0.17948090628656532,0.7445378151260504,0.8333333333333334,0.08879551820728293,0.7512605042016807,0.9240506329113924,0.17279012870971178,4.364705882352941,3.9472573839662446,-0.4174484983866962,4.865486725663716,4.331196581196581,-0.5342901444671355,0.9126050420168067,0.9029535864978903,-0.00965145551891644,0.8756302521008403,0.9071729957805907,0.03154274367975041,0.8151260504201681,0.879746835443038,0.06462078502286994,52.000000000000014,46.000000000000014,-6.0,595.0,474.0,-121.0,0.0,0.229957805907173,0.229957805907173,0.29411764705882354,0.21308016877637131,-0.08103747828245222,0.12773109243697478,0.12236286919831224,-0.0053682232386625395,0.16638655462184873,0.09071729957805907,-0.07566925504378966
wave2_aug,326372,Tmekeeper INC. CA 91761 (3),Tmekeeper INC.,APS Bedroom,Christal Ding,2026-08-02,576.0,470.0,-106.0,1.3819444444444444,1.1851063829787234,-0.19683806146572103,0.71875,0.8212765957446808,0.10252659574468082,5.646748681898067,4.49244060475162,-1.154308077146447,0.5833333333333334,0.776595744680851,0.19326241134751765,0.6145833333333334,0.7510638297872341,0.1364804964539007,1.2330434782608695,1.2170212765957447,-0.016022201665124802,5.027777777777778,4.4361702127659575,-0.5916075650118202,6.066427289048474,4.300865800865801,-1.765561488182673,0.8888888888888888,0.7957446808510639,-0.09314420803782497,0.7951388888888888,0.8,0.004861111111111205,0.8854166666666666,0.6595744680851063,-0.2258421985815603,64.00000000000003,95.99999999999999,31.999999999999957,576.0,470.0,-106.0,0.0,0.24468085106382978,0.24468085106382978,0.2552083333333333,0.19574468085106383,-0.05946365248226948,0.036521739130434785,0.0,-0.036521739130434785,0.21913043478260869,0.19574468085106383,-0.02338575393154485
wave2_aug,349177,"Zhejiang Linya Co., Ltd NJ 07036",LINYA OUTDOOR LIVING LLC,APS Home Improvement,Danica Guo,2026-08-02,644.0,460.0,-184.0,1.343167701863354,1.2891304347826087,-0.05403726708074541,0.7577639751552795,0.7869565217391304,0.029192546583850953,3.1658615136876005,3.1533180778032035,-0.012543435884396992,0.922360248447205,0.9108695652173913,-0.011490683229813725,0.9503105590062112,0.9434782608695652,-0.006832298136645987,1.1925465838509317,0.8804347826086957,-0.31211180124223603,3.0263975155279503,2.858695652173913,-0.16770186335403725,2.9731993299832498,3.2545871559633026,0.28138782598005285,0.8773291925465838,0.9217391304347826,0.0444099378881988,0.8400621118012422,0.8717391304347826,0.03167701863354033,0.5900621118012422,0.7543478260869565,0.16428571428571426,79.00000000000003,36.0,-43.00000000000003,644.0,460.0,-184.0,0.0,0.23695652173913043,0.23695652173913043,0.2391304347826087,0.2673913043478261,0.028260869565217395,0.11490683229813664,0.10217391304347827,-0.012732919254658373,0.12422360248447205,0.16521739130434782,0.04099378881987577
wave2_aug,313006,"Hangzhou Skytech Outdoor Co., LTD CA 92880","Hangzhou Skytech Outdoor Co., LTD",APS,Danica Guo,2026-08-02,690.0,453.0,-237.0,2.7043478260869565,1.17439293598234,-1.5299548901046165,0.017391304347826087,0.7902869757174393,0.7728956713696132,5.256134969325154,4.623024830699774,-0.6331101386253799,0.6391304347826087,0.8211920529801324,0.18206161819752376,0.8565217391304348,0.8719646799116998,0.015442940781264958,1.1130434782608696,0.9690949227373068,-0.14394855552356278,3.97536231884058,3.938189845474614,-0.03717247336596596,5.332807570977918,4.044642857142857,-1.2881647138350614,0.9782608695652174,0.9823399558498896,0.00407908628467224,0.9043478260869565,0.9227373068432672,0.01838948075631064,0.755072463768116,0.6313465783664459,-0.12372588540167007,14.99999999999999,7.99999999999999,-6.999999999999999,690.0,453.0,-237.0,0.0,0.20309050772626933,0.20309050772626933,0.26231884057971017,0.32450331125827814,0.06218447067856797,0.15797101449275364,0.10816777041942605,-0.04980324407332759,0.10434782608695652,0.2163355408388521,0.11198771475189558
wave2_aug,322082,"Hangzhou Mengfeisi Home Furnishings Co., CA 92571 ","Hangzhou Mengfeisi Home Furnishings Co., Ltd",APS Outdoor,Moti Mao,2026-08-02,1621.0,423.0,-1198.0,2.5595311536088836,1.243498817966903,-1.3160323356419805,0.0647748303516348,0.7754137115839244,0.7106388812322896,7.0,3.299019607843137,-3.700980392156863,0.2665021591610117,0.900709219858156,0.6342070606971443,0.5737199259716225,0.8747044917257684,0.3009845657541459,0.7279457125231339,0.9125295508274232,0.18458383830428926,5.122763726095003,3.4893617021276597,-1.633402023967343,7.358199356913183,3.433414043583535,-3.9247853133296484,0.9962985811227637,0.9952718676122931,-0.0010267135104705671,0.9444787168414559,0.706855791962175,-0.23762292487928094,0.7945712523133868,0.6903073286052009,-0.10426392370818582,6.000000000000035,2.0000000000000027,-4.000000000000032,1621.0,423.0,-1198.0,0.0,0.18439716312056736,0.18439716312056736,0.24367674275138804,0.2576832151300236,0.014006472378635587,0.015422578655151141,0.01182033096926714,-0.0036022476858840018,0.2282541640962369,0.2458628841607565,0.017608720064519606
wave2_aug,361472,Ningboyuxudianzishangwuyouxiangongsi NJ 08873,Ningboyuxudianzishangwuyouxiangongsi,APS AEOF,Ricky Yu,2026-08-02,505.0,385.0,-120.0,2.706930693069307,1.1948051948051948,-1.5121254982641124,0.0594059405940594,0.8415584415584415,0.7821525009643822,3.7700205338809036,3.5,-0.27002053388090363,0.9227722772277228,0.922077922077922,-0.0006943551498007627,0.9445544554455445,0.9506493506493506,0.006094895203806128,1.2910891089108911,1.1272727272727272,-0.16381638163816392,3.1504950495049506,3.161038961038961,0.010543911534010242,4.367556468172484,3.2171581769436997,-1.1503982912287847,0.9801980198019802,0.9532467532467532,-0.02695126655522695,0.9089108910891089,0.8207792207792208,-0.08813167030988811,0.9188118811881189,0.6883116883116883,-0.23050019287643053,10.000000000000009,18.000000000000007,7.999999999999998,505.0,385.0,-120.0,0.0,0.22597402597402597,0.22597402597402597,0.18217821782178217,0.2727272727272727,0.09054905490549053,0.0,0.0,0.0,0.18217821782178217,0.2727272727272727,0.09054905490549053
wave2_aug,429873,"Zhengzhou Bevi Import  Export Trading Co., Ltd. PA 19030","HONGKONG OUSHENG NETWORK TECHNOLOGY CO.,LIMITED",APS Bedroom,Asia Supplier Service Desk,2026-08-02,1233.0,326.0,-907.0,1.6569343065693432,1.165644171779141,-0.4912901347902021,0.6309813463098135,0.8190184049079755,0.188037058598162,3.871859296482412,3.498432601880878,-0.3734266946015343,0.8556366585563666,0.9202453987730062,0.06460874021663954,0.8888888888888888,0.9263803680981595,0.03749147920927065,1.002433090024331,1.0153374233128833,0.012904333288552339,3.638280616382806,3.4754601226993866,-0.16282049368341944,3.824232081911263,3.2625,-0.5617320819112628,0.991889699918897,0.9570552147239264,-0.034834485194970566,0.8807785888077859,0.8650306748466258,-0.015747913961160154,0.8369829683698297,0.8098159509202454,-0.027167017449584274,10.000000000000034,13.999999999999991,3.9999999999999574,1233.0,326.0,-907.0,0.0,0.22699386503067484,0.22699386503067484,0.25304136253041365,0.30368098159509205,0.0506396190646784,0.12003244120032441,0.13496932515337423,0.014936883953049818,0.1330089213300892,0.1687116564417178,0.03570273511162858
wave2_aug,461382, USNJHM01,LUXHOME (HK) TRADING LIMITED,APS Bedroom,Lydia Liu,2026-08-02,671.0,283.0,-388.0,2.700447093889717,1.137809187279152,-1.562637906610565,0.0,0.8056537102473498,0.8056537102473498,3.751497005988024,3.6366906474820144,-0.11480635850600951,0.9597615499254843,0.9540636042402827,-0.005697945685201655,0.9672131147540983,0.9787985865724381,0.011585471818339799,1.2518628912071534,0.8303886925795053,-0.4214741986276481,3.232488822652757,3.070671378091873,-0.1618174445608842,4.369532428355957,3.1985559566787005,-1.1709764716772568,0.9985096870342772,0.9858657243816255,-0.012643962652651775,0.9254843517138599,0.9328621908127208,0.007377839098860917,0.9552906110283159,0.8374558303886925,-0.11783478063962338,0.9999999999999808,3.999999999999997,3.000000000000016,671.0,283.0,-388.0,0.0,0.21554770318021202,0.21554770318021202,0.23248882265275708,0.2756183745583039,0.04312955190554682,0.05216095380029806,0.10247349823321555,0.050312544432917494,0.18032786885245902,0.17314487632508835,-0.007182992527370674
wave2_aug,239701,HangzhouSkytech NJ 08016,"Hangzhou Skytech Outdoor Co., LTD",APS,Danica Guo,2026-08-09,1176.0,255.0,-921.0,2.6198979591836733,1.3764705882352941,-1.2434273709483792,0.04846938775510204,0.7607843137254902,0.7123149259703881,4.314212328767123,3.254980079681275,-1.0592322490858481,0.9481292517006803,0.9764705882352941,0.028341336534613792,0.9761904761904762,0.9607843137254902,-0.01540616246498594,1.2185374149659864,1.231372549019608,0.012835134053621466,3.116496598639456,3.011764705882353,-0.10473189275710304,4.203435804701628,2.6377952755905514,-1.5656405291110764,0.9991496598639455,0.9450980392156862,-0.0540516206482593,0.951530612244898,0.8117647058823529,-0.13976590636254504,0.7755102040816326,0.5450980392156862,-0.2304121648659464,1.0000000000000338,14.000000000000007,12.999999999999973,1176.0,255.0,-921.0,0.0008503401360544217,0.23529411764705882,0.2344437775110044,0.2304421768707483,0.3254901960784314,0.09504801920768308,0.09438775510204081,0.15294117647058825,0.05855342136854744,0.1360544217687075,0.17254901960784313,0.03649459783913564
wave2_aug,56438,Costway CA 92337B,Costway,APS Outdoor,David Liu,2026-08-02,569.0,217.0,-352.0,1.40597539543058,1.262672811059908,-0.14330258437067211,0.6994727592267135,0.7373271889400922,0.03785442971337871,3.9839285714285713,3.874418604651163,-0.10950996677740843,0.8101933216168717,0.8617511520737328,0.05155783045686102,0.8769771528998243,0.9032258064516129,0.026248653551788625,0.9701230228471002,0.9400921658986175,-0.03003085694848262,3.4358523725834798,3.2119815668202767,-0.22387080576320306,3.7602862254025045,4.209302325581396,0.44901610017889126,0.8963093145869947,0.9078341013824884,0.011524786795493736,0.8840070298769771,0.9262672811059908,0.04226025122901367,0.827768014059754,0.9493087557603687,0.12154074170061469,59.000000000000014,20.00000000000001,-39.0,569.0,217.0,-352.0,0.0,0.43317972350230416,0.43317972350230416,0.2601054481546573,0.2995391705069124,0.03943372235225512,0.0984182776801406,0.15668202764976957,0.05826374996962898,0.1616871704745167,0.14285714285714285,-0.018830027617373846
wave2_aug,493064,USSAV02,LUXHOME (HK) TRADING LIMITED,APS Bedroom,Lydia Liu,2026-08-09,1076.0,206.0,-870.0,2.712825278810409,1.233009708737864,-1.479815570072545,0.0027881040892193307,0.7912621359223301,0.7884740318331107,4.586466165413534,4.346733668341709,-0.23973249707182553,0.8884758364312267,0.8689320388349514,-0.019543797596275336,0.9386617100371747,0.8737864077669902,-0.06487530227018445,1.095724907063197,1.383495145631068,0.2877702385678711,3.782527881040892,4.043689320388349,0.26116143934745706,4.758817921830315,4.542713567839196,-0.21610435399111871,0.9972118959107806,0.7233009708737864,-0.2739109250369942,0.9256505576208178,0.8349514563106796,-0.09069910131013825,0.912639405204461,0.7961165048543689,-0.11652290035009205,3.0000000000000395,57.0,53.99999999999996,1076.0,206.0,-870.0,0.0,0.32038834951456313,0.32038834951456313,0.2955390334572491,0.2815533980582524,-0.013985635398996665,0.0362453531598513,0.0,-0.0362453531598513,0.25929368029739774,0.2815533980582524,0.02225971776085467
wave2_aug,405768,"Haomaijia Technology (Shenzhen) Co., LTD NJ 07036",EBELLO HOME INC_1,APS Upholstery,Lacey Yan,2026-08-16,613.0,189.0,-424.0,1.598694942903752,2.4761904761904763,0.8774955332867242,0.6378466557911908,0.8465608465608465,0.2087141907696557,3.9949748743718594,4.034883720930233,0.039908846558373234,0.831973898858075,0.7777777777777778,-0.054196121080297255,0.9037520391517129,0.8783068783068783,-0.025445160844834613,0.9151712887438825,0.8835978835978836,-0.031573405145998934,3.429037520391517,3.439153439153439,0.010115918761921971,4.02027027027027,3.936046511627907,-0.08422375864236331,0.8923327895595432,0.9153439153439153,0.023011125784372144,0.8727569331158238,0.8201058201058201,-0.05265111301000369,0.7699836867862969,0.7195767195767195,-0.05040696720957738,66.00000000000001,16.0,-50.000000000000014,613.0,189.0,-424.0,0.0,0.2328042328042328,0.2328042328042328,0.367047308319739,0.21693121693121692,-0.15011609138852205,0.18923327895595432,0.10052910052910052,-0.0887041784268538,0.17781402936378465,0.1164021164021164,-0.06141191296166826
other,30326,VIG Furniture CA 90058 Slauson,Lima Trading LLC,Casegoods,Joseph Hannigan,2026-07-19,330.0,208.0,-122.0,1.6242424242424243,2.0721153846153846,0.4478729603729603,0.703030303030303,0.6586538461538461,-0.04437645687645686,5.34113712374582,4.636842105263158,-0.7042950184826617,0.4666666666666667,0.5769230769230769,0.1102564102564102,0.5272727272727272,0.5673076923076923,0.040034965034965064,1.303030303030303,1.3605769230769231,0.057546620046620145,5.33030303030303,4.865384615384615,-0.4649184149184151,5.140939597315437,4.481675392670157,-0.6592642046452797,0.9575757575757575,0.9615384615384616,0.0039627039627040395,0.7575757575757576,0.7692307692307693,0.011655011655011704,0.6727272727272727,0.7163461538461539,0.043618881118881125,14.000000000000018,7.999999999999995,-6.000000000000023,330.0,208.0,-122.0,0.0030303030303030303,0.004807692307692308,0.0017773892773892777,0.0,0.0,0.0,0.0,0.0,0.0,0.0,0.0,0.0
