dest_region,sto,vol_direct,vol_local,o2d_direct,o2d_local,o2d_delta,ifr_direct,ifr_local,del_direct,del_local,det_direct,det_local
Florida,APS,6554,17701,7.475994000157047,6.957870748361499,0.5181232517955481,0.858712236801953,0.903169312468222,0.8635947512969179,0.8230608440201117,0.7566371681415928,0.7584317270210723
Florida,APS AEOF,786,2358,7.10885993191044,6.908476551166368,0.20038338074407225,0.9071246819338422,0.8927056827820187,0.8829516539440203,0.7960135708227312,0.8753180661577605,0.7514843087362172
Florida,APS Bedroom,1136,2795,7.022007042253521,6.7767728398345914,0.24523420241892957,0.9146126760563382,0.8905187835420394,0.8503521126760564,0.7914132379248656,0.8459507042253522,0.7695885509839
Florida,APS Decor,579,1385,7.533678756476684,7.038712005430037,0.4949667510466469,0.8911917098445594,0.9075812274368231,0.849740932642487,0.8,0.8238341968911918,0.7602888086642597
Florida,APS Home Improvement,2922,8372,7.144421629021216,6.9643534878175695,0.18006814120364645,0.8993839835728953,0.896918299092212,0.8699520876112253,0.7975394171046345,0.836413415468857,0.7683946488294316
Florida,APS Housewares & More,635,1841,7.407874015748032,7.096900627358575,0.3109733883894572,0.8976377952755905,0.9060293318848452,0.8692913385826772,0.8055404671374252,0.8771653543307086,0.7865290602933187
Florida,APS K&D,939,2298,7.034621186028006,6.818924801891724,0.21569638413628223,0.9169329073482428,0.9190600522193212,0.8626198083067093,0.7941688424717145,0.8509052183173589,0.7789382071366405
Florida,APS Mattresses,537,1615,7.307262569832402,6.733875887896579,0.5733866819358235,0.8342644320297953,0.8501547987616098,0.8566108007448789,0.7826625386996903,0.8230912476722533,0.7578947368421053
Florida,APS Outdoor,2037,5137,7.072655866470301,6.756594763645438,0.31606110282486277,0.8988708885616102,0.9217442086821102,0.8478154148257243,0.8107845045746545,0.791850760922926,0.7710726104730389
Florida,APS Upholstery,1212,3799,7.418316831683167,7.0831712107467455,0.3351456209364212,0.9009900990099006,0.8968149513029745,0.8655115511551154,0.8038957620426426,0.8424092409240926,0.7296657015003949
Florida,APS Youth,974,2530,7.236139630390142,6.892531098018544,0.34360853237159805,0.8788501026694046,0.8656126482213437,0.8880903490759754,0.7786561264822137,0.8572895277207393,0.7727272727272725
Florida,Casegoods,1724,4544,7.467154757301215,7.123896972416175,0.34325778488504,0.8677494199535963,0.8919454225352113,0.8277262180974476,0.7744278169014083,0.7929234338747101,0.7610035211267605
Florida,Decor,1314,4064,7.89421613394216,7.199720082707773,0.6944960512343865,0.8987823439878234,0.9256889763779528,0.8531202435312024,0.8088090551181101,0.8333333333333334,0.7977362204724407
Florida,Lighting,1640,4394,7.578048780487806,7.30123229159582,0.27681648889198573,0.8829268292682927,0.9050978607191625,0.8609756097560975,0.7938097405553027,0.8103658536585364,0.7592171142467
Florida,Outdoor Furniture,1601,3475,7.409431605246721,7.403828593062765,0.005603012183955869,0.8251093066833229,0.856115107913669,0.835727670206121,0.7576978417266187,0.7632729544034978,0.7335251798561151
Florida,Plumbing,667,1852,7.710644677661169,7.076954037259784,0.6336906404013849,0.9295352323838078,0.9249460043196545,0.8860569715142429,0.8120950323974082,0.8590704647676162,0.7910367170626349
Florida,Soft Home,1200,3517,7.381666666666667,7.113996566055825,0.2676701006108422,0.9199999999999998,0.9189650270116578,0.8641666666666666,0.8055160648279784,0.8241666666666667,0.7537674154108616
Florida,Storage & Org - Frequency,556,1667,7.4946043165467655,7.116000026167764,0.3786042903790019,0.89568345323741,0.9010197960407919,0.8705035971223022,0.794241151769646,0.8309352517985612,0.7600479904019195
Florida,Tabletop,631,2037,7.446909667194928,6.498502116216558,0.94840755097837,0.8462757527733754,0.8910162002945509,0.8446909667194928,0.8139420716740303,0.8019017432646591,0.7707412862052038
Florida,Upholstery,1424,3430,7.909956304619228,7.398528446786617,0.5114278578326106,0.8441011235955053,0.8842565597667639,0.8532303370786517,0.8131195335276965,0.7387640449438201,0.758600583090379
Florida,Wayfair,1720,4620,7.497093023255814,7.340013324548787,0.15707969870702687,0.8796511627906975,0.8954545454545455,0.8738372093023256,0.8043290043290043,0.8703488372093023,0.7971861471861473
Florida,Youth Furniture & Decor,378,1221,7.214285714285714,7.038681764962534,0.17560394932318069,0.8809523809523809,0.8705978705978706,0.7857142857142857,0.7305487305487306,0.6957671957671958,0.665028665028665
Mid-Atlantic,APS,5909,14415,7.701393276378899,7.077787230338988,0.6236060460399111,0.8542900660010151,0.8980922650017346,0.8747673041123711,0.8051335414498787,0.754780842782196,0.7429760665972946
Mid-Atlantic,APS AEOF,628,2085,7.203821656050955,7.020919483890596,0.1829021721603592,0.8996815286624203,0.8997601918465228,0.8869426751592356,0.7707434052757793,0.8391719745222932,0.7419664268585132
Mid-Atlantic,APS Bedroom,991,2192,7.260343087790112,7.003100145490968,0.25724294229914424,0.907164480322906,0.9005474452554744,0.8536831483350148,0.7682481751824818,0.8284561049445005,0.738594890510949
Mid-Atlantic,APS Decor,506,1159,7.442668744299179,7.081995324599466,0.36067341969971345,0.9031620553359683,0.887834339948231,0.8636363636363635,0.793787748058671,0.8498023715415022,0.7791199309749782
Mid-Atlantic,APS Home Improvement,2542,6503,7.343365996709819,6.9684965116295015,0.3748694850803176,0.8981117230527148,0.8883592188220822,0.8505114083398897,0.8056281716131016,0.8099921321793863,0.7727202829463324
Mid-Atlantic,APS Housewares & More,684,1649,7.75,6.999000846235192,0.7509991537648082,0.9093567251461985,0.9211643420254698,0.864035087719298,0.8295936931473619,0.8640350877192983,0.8156458459672529
Mid-Atlantic,APS K&D,807,1812,7.319702602230484,6.7987470949406,0.5209555072898837,0.9306071871127634,0.9177704194260483,0.8587360594795534,0.7908388520971301,0.8203221809169765,0.7775938189845475
Mid-Atlantic,APS Mattresses,484,1233,7.471074380165293,6.61739923195863,0.8536751482066629,0.8574380165289253,0.8475263584752636,0.824380165289256,0.7550689375506894,0.7851239669421485,0.7210056772100568
Mid-Atlantic,APS Outdoor,2680,5232,7.190298507462686,6.728847151609989,0.4614513558526978,0.8977611940298508,0.9224006116207951,0.8671641791044777,0.8115443425076453,0.8037313432835819,0.7771406727828748
Mid-Atlantic,APS Upholstery,1165,3078,7.663519313304721,7.22864663478577,0.43487267851895073,0.8806866952789699,0.907732293697206,0.8472103004291845,0.8083170890188432,0.7725321888412017,0.7589343729694609
Mid-Atlantic,APS Youth,877,1972,7.625997719498289,7.020557787677453,0.6054399318208361,0.8757126567844926,0.8651115618661258,0.8700114025085519,0.7718052738336714,0.848346636259977,0.7576064908722109
Mid-Atlantic,Casegoods,1384,3366,7.671965317919075,7.046451190213393,0.6255141277056824,0.8547687861271673,0.8808674985145574,0.8164739884393064,0.7664884135472371,0.7723988439306358,0.7557932263814616
Mid-Atlantic,Decor,1130,2862,7.711471238938051,7.154122289130249,0.5573489498078024,0.9044247787610616,0.9189378057302585,0.88141592920354,0.8099231306778475,0.8469026548672565,0.79979035639413
Mid-Atlantic,Lighting,1482,3558,7.566126855600541,6.801735724613454,0.7643911309870868,0.8852901484480432,0.9142776840921865,0.8616734143049928,0.807195053400787,0.7928475033738188,0.7768409218662169
Mid-Atlantic,Outdoor Furniture,1587,2875,7.365427041346672,7.899909061352468,-0.5344820200057958,0.8588531821045998,0.8598260869565214,0.8311279143037177,0.7526956521739131,0.8059231253938247,0.7161739130434782
Mid-Atlantic,Plumbing,686,1637,7.77584445971291,7.221909710991571,0.5539347487213391,0.922740524781341,0.9444105070250458,0.8906705539358599,0.8546120952962737,0.8294460641399417,0.8540012217470984
Mid-Atlantic,Soft Home,1135,3197,7.536563876651982,7.000517706526962,0.5360461701250205,0.9171806167400881,0.9146074444791993,0.8775330396475767,0.791992492962152,0.8193832599118943,0.7447607131685956
Mid-Atlantic,Storage & Org - Frequency,631,1572,7.608557844690966,7.207668038535551,0.4008898061554156,0.8938193343898574,0.8829516539440203,0.8637083993660856,0.7938931297709922,0.8209191759112519,0.7410941475826972
Mid-Atlantic,Tabletop,606,1643,7.401910383346029,6.802661993534948,0.5992483898110805,0.8778877887788779,0.8782714546561167,0.8399339933993397,0.796713329275715,0.8052805280528053,0.7772367620206938
Mid-Atlantic,Upholstery,1436,2957,7.7855153203342615,7.172111785815093,0.6134035345191684,0.8502785515320331,0.8931349340547853,0.8746518105849578,0.814338856949611,0.7701949860724232,0.7757862698681096
Mid-Atlantic,Wayfair,1526,3901,7.703834544660232,7.384761526045823,0.31907301861440907,0.8958060288335518,0.9010510125608818,0.8787680209698558,0.8074852601896949,0.875491480996068,0.7987695462701869
Mid-Atlantic,Youth Furniture & Decor,467,1249,7.220556745182013,6.723087492550431,0.49746925263158204,0.9079229122055673,0.8759007205764612,0.8308351177730193,0.766212970376301,0.7751605995717347,0.7141713370696557
Midwest,APS,11838,40099,7.70109146872472,7.043844586708649,0.6572468820160715,0.8466801824632539,0.8985760243397592,0.8547896604156111,0.807676001895309,0.7785098834262547,0.7696950048629639
Midwest,APS AEOF,1216,5641,7.208059210526314,6.777608376460738,0.43045083406557616,0.8930921052631575,0.9014359156177982,0.8585526315789478,0.7975536252437511,0.8791118421052632,0.7831944690657685
Midwest,APS Bedroom,1795,6111,7.1821727019498605,6.7235340921475055,0.45863860980235494,0.9220055710306403,0.886925216822124,0.8601671309192201,0.7926689576174112,0.8551532033426184,0.778268695794469
Midwest,APS Decor,1304,3435,7.243865030674846,7.031312158864456,0.21255287181039062,0.8903374233128835,0.8806404657933039,0.8826687116564421,0.7973799126637552,0.8941717791411042,0.7973799126637554
Midwest,APS Home Improvement,5176,19920,7.271649462196698,6.807546703583083,0.46410275861361505,0.9022411128284394,0.8918674698795183,0.8721020092735703,0.8110441767068266,0.8475656877897991,0.7934738955823293
Midwest,APS Housewares & More,1368,5148,7.545321637426902,7.2975777473567325,0.2477438900701694,0.9152046783625729,0.9193861693861693,0.8786549707602341,0.8158508158508159,0.8859649122807016,0.8137140637140637
Midwest,APS K&D,1396,5372,7.172636103151864,6.6801858054147605,0.49245029773710325,0.8997134670487099,0.9141846612062546,0.8230659025787962,0.7909530900967983,0.8323782234957019,0.7889054355919581
Midwest,APS Mattresses,824,3667,7.234223300970875,6.6218620947429345,0.6123612062279404,0.875,0.8693755113171528,0.8483009708737864,0.7747477502045269,0.8216019417475728,0.7712026179438232
Midwest,APS Outdoor,6697,16909,7.169470799753014,6.66295948957926,0.506511310173754,0.8966701508137975,0.9215802235495891,0.8630730177691507,0.8195635460405701,0.8054352695236671,0.7865042285173575
Midwest,APS Rugs,768,2542,7.749999999999999,7.050993879955266,0.6990061200447331,0.8906249999999997,0.8859166011014948,0.868489583333333,0.8029110936270651,0.9153645833333331,0.8151062155782848
Midwest,APS SEA,443,1536,7.688487584650115,6.8177112924024135,0.8707762922477018,0.9277652370203159,0.934895833333333,0.8623024830699773,0.8131510416666666,0.8442437923250562,0.8046875
Midwest,APS Soft Home,472,2517,7.790254237288137,7.365605342283027,0.4246488950051095,0.7203389830508472,0.8728645212554629,0.8686440677966101,0.8005562177195072,0.9110169491525424,0.7949940405244339
Midwest,APS Upholstery,2385,9080,7.4825995807127885,7.004606731758909,0.47799284895387917,0.9010482180293499,0.9023127753303961,0.8570230607966455,0.8205947136563876,0.8218029350104821,0.7674008810572689
Midwest,APS Youth,1922,5899,7.355359001040583,6.902181824921341,0.453177176119242,0.8600416233090532,0.8567553822681809,0.8839750260145682,0.7760637396168842,0.8808532778355878,0.773859976267164
Midwest,Casegoods,2564,9399,7.521350905984293,6.954014521252088,0.5673363847322053,0.8775351014040558,0.8813703585487818,0.8225429017160685,0.7834876050643685,0.8085023400936034,0.7863602510905414
Midwest,Decor,2440,9071,7.63770491803279,7.13190018834167,0.5058047296911194,0.896311475409836,0.9089405798699149,0.8442622950819674,0.8005732554293904,0.8397540983606557,0.8027780840039687
Midwest,Hardware,560,2226,7.137500000000002,6.361860193715435,0.7756398062845671,0.9196428571428571,0.9061096136567834,0.8160714285714284,0.7619047619047619,0.8232142857142856,0.7309074573225517
Midwest,Kitchen & Small Electrics,576,2200,7.208449074074076,6.684957066170254,0.5234920079038217,0.8819444444444442,0.9031818181818182,0.8107638888888888,0.8086363636363634,0.7586805555555556,0.7936363636363636
Midwest,Lighting,3030,10507,7.422777329822452,6.844391975673092,0.5783853541493595,0.8871287128712871,0.90044732083373,0.8782178217821783,0.8137432188065098,0.8471947194719474,0.792614447511183
Midwest,Outdoor Furniture,3662,8633,7.445948143613006,7.765652496572499,-0.3197043529594925,0.8405243036592024,0.8604193212093131,0.81594756963408,0.7668249739372176,0.7760786455488803,0.7552415151164137
Midwest,Outdoor Structures,630,2344,7.7412698412698395,7.322847796901181,0.4184220443686586,0.8126984126984124,0.9176621160409556,0.846031746031746,0.8319112627986349,0.8174603174603174,0.8246587030716721
Midwest,Plumbing,1121,4101,7.655664585191793,7.215829554855366,0.43983503033642624,0.9009812667261374,0.9397707876127772,0.8670829616413916,0.8212631065593755,0.8528099910793934,0.8227261643501586
Midwest,Recreation,372,1434,6.658602150537634,6.404095518112255,0.25450663242537885,0.956989247311828,0.9344490934449093,0.8575268817204301,0.8319386331938632,0.8521505376344087,0.797071129707113
Midwest,Rugs,474,1077,6.814345991561181,6.400520018943931,0.41382597261724996,0.9472573839662447,0.884865366759517,0.7890295358649788,0.7836583101207056,0.7616033755274261,0.7530176415970287
Midwest,Soft Home,2288,9049,7.359702797202796,6.806036636796847,0.5536661604059487,0.9020979020979021,0.9097137805282351,0.8409090909090909,0.7828489335838215,0.8041958041958042,0.752016797436181
Midwest,Storage & Org - Frequency,1161,4039,7.484871514967274,6.779699627669944,0.7051718872973298,0.9104220499569334,0.8851200792275316,0.8475452196382431,0.8155484030700666,0.8372093023255813,0.7912849715276058
Midwest,Tabletop,1229,4107,7.449939994546912,6.645302887057435,0.8046371074894774,0.8234336859235148,0.8892135378621864,0.8462164361269324,0.8110542975407841,0.8250610252237593,0.791575359142927
Midwest,Upholstery,2823,8191,7.6184909670563234,7.236585847805455,0.38190511925086845,0.8590152320226707,0.8897570504211941,0.8838115479985827,0.8342082773776096,0.8041091037902939,0.7923330484678306
Midwest,Wayfair,3303,11026,7.452837487805698,7.18781033655494,0.2650271512507576,0.8910081743869213,0.8895338291311445,0.878595216469876,0.8151641574460363,0.8934302149561,0.8204244512969343
Midwest,Youth Furniture & Decor,932,3478,7.212446351931329,6.765180258622083,0.4472660933092465,0.8776824034334761,0.8700402530189765,0.8090128755364807,0.7650948821161587,0.7564377682403433,0.7159286946520987
Mountain,APS,6919,46482,4.612805318687669,4.071524148825928,0.5412811698617412,0.8829310594016475,0.8968633019233254,0.8255528255528253,0.8191127748375718,0.8095100448041622,0.7897465685641754
Mountain,APS AEOF,1863,13867,4.422641464512668,3.903669898901597,0.5189715656110709,0.9006977992485238,0.9147616643830677,0.8293075684380035,0.8214465998413499,0.7944176060118088,0.7871926155621262
Mountain,APS Bedroom,2310,15488,4.44605435644168,3.859057110328553,0.586997246113127,0.9030303030303028,0.8985020661157026,0.8376623376623379,0.83567923553719,0.8082251082251081,0.7906120867768596
Mountain,APS Decor,773,4891,4.9780077619663645,4.205219676675024,0.7727880852913405,0.9042690815006468,0.9292578204866081,0.7723156532988356,0.8147618074013494,0.8137128072445019,0.8366387241872828
Mountain,APS Home Improvement,3555,22728,4.637914485895362,4.019893866380013,0.6180206195153488,0.8796061884669479,0.9018391411474833,0.8261603375527427,0.8343013023583249,0.784247538677919,0.8044702569517775
Mountain,APS Housewares & More,779,5303,4.704749679075738,4.112830770546246,0.5919189085294922,0.9229781771501927,0.9077880445031115,0.8305519897304237,0.8151989439939656,0.8767650834403078,0.8174618140675086
Mountain,APS K&D,1781,12327,4.396111194189175,3.885563036666758,0.5105481575224173,0.9208309938236946,0.9211486979800441,0.8585064570466033,0.8362131905573132,0.8534531162268388,0.8147967875395473
Mountain,APS Mattresses,518,3762,4.594594594594596,3.968650560274481,0.6259440343201148,0.8764478764478765,0.8798511430090378,0.8223938223938225,0.8184476342371079,0.7915057915057917,0.8059542796384902
Mountain,APS Outdoor,4677,25782,4.480436177036556,3.90274703761161,0.5776891394249462,0.899080607226855,0.9276627104181212,0.859311524481505,0.8631991311767901,0.8064998930938638,0.8204949189356916
Mountain,APS Rugs,323,2670,4.6687306501547985,4.136990040714393,0.5317406094404058,0.8699690402476781,0.9086142322097377,0.8142414860681114,0.783895131086142,0.8792569659442725,0.8243445692883895
Mountain,APS Upholstery,1183,7912,4.792899408284025,4.306270220897282,0.4866291873867423,0.8884192730346576,0.8973710819009098,0.8292476754015213,0.814459049544995,0.8233305156382078,0.7817239635995955
Mountain,APS Youth,833,5479,4.5870348139255706,4.145564447803308,0.441470366122263,0.8787515006002399,0.8720569446979376,0.837935174069628,0.805621463770761,0.858343337334934,0.8076291294031758
Mountain,Casegoods,1924,12415,4.714137214137215,4.09820469634538,0.6159325177918342,0.8679833679833678,0.8953685058397097,0.8232848232848233,0.8334273056786146,0.8056133056133057,0.8190898107128474
Mountain,Decor,1196,7631,4.973244147157189,4.235045408299971,0.7381987388572178,0.8954849498327757,0.9192766347791902,0.8110367892976584,0.8287249377538984,0.81438127090301,0.8368496920456034
Mountain,Hardware,364,1785,5.052197802197802,4.370903959780234,0.6812938424175679,0.9038461538461539,0.9159663865546218,0.771978021978022,0.7848739495798319,0.6456043956043955,0.6453781512605042
Mountain,Lighting,1080,6378,5.035185185185186,4.389518660464873,0.6456665247203128,0.8537037037037035,0.8943242395735341,0.7888888888888886,0.8283160865475071,0.7814814814814814,0.8193791157102539
Mountain,Outdoor Furniture,1626,8174,4.702337023370234,4.49164879329455,0.21068823007568405,0.8456334563345632,0.8474431123073158,0.824108241082411,0.7790555419623195,0.7201722017220172,0.7309762662099337
Mountain,Plumbing,477,3079,4.79874213836478,4.175272413089198,0.6234697252755819,0.8972746331236898,0.9304969145826567,0.8322851153039832,0.84865215979214,0.8322851153039833,0.8493017213380967
Mountain,Rugs,650,3424,3.936923076923077,3.2887553742148787,0.6481677027081982,0.9692307692307692,0.9220210280373831,0.8769230769230769,0.8691588785046729,0.7646153846153847,0.8069509345794391
Mountain,Soft Home,693,4655,4.630591630591632,4.295379971499219,0.3352116590924128,0.922077922077922,0.9185821697099893,0.8816738816738815,0.8343716433941998,0.8629148629148626,0.8133190118152521
Mountain,Storage & Org - Frequency,424,2776,4.778301886792452,4.144181336312592,0.6341205504798602,0.8537735849056602,0.8919308357348703,0.8443396226415093,0.8382564841498558,0.8349056603773585,0.8422190201729105
Mountain,Tabletop,403,2628,4.47394540942928,4.0170248906539054,0.4569205187753749,0.8163771712158809,0.875951293759513,0.8436724565756822,0.8359969558599696,0.8014888337468983,0.823820395738204
Mountain,Upholstery,989,6251,5.02123356926188,4.273310026504437,0.7479235427574427,0.8281092012133471,0.8998560230363143,0.8281092012133466,0.8373060310350345,0.8129423660262891,0.823068309070549
Mountain,Wayfair,1748,11189,4.867549927189515,4.311560731877823,0.5559891953116916,0.8867276887871853,0.9032978818482438,0.8243707093821508,0.8175887031906335,0.8661327231121282,0.8264366788810439
Mountain,Youth Furniture & Decor,403,2590,4.400437314202885,4.124717729368892,0.2757195848339933,0.8660049627791563,0.8861003861003861,0.8362282878411911,0.8216216216216217,0.806451612903226,0.7942084942084942
Northeast,APS,6155,22211,7.886661251015428,7.314116601660944,0.5725446493544846,0.8435418359057675,0.9055422988609247,0.8833468724614137,0.8040160280941874,0.7491470349309501,0.7435054702624829
Northeast,APS AEOF,473,3594,7.1345137420718805,7.128670256359994,0.005843485711886309,0.8689217758985199,0.8970506399554812,0.8541226215644822,0.8116304952698943,0.828752642706131,0.7740678909293267
Northeast,APS Bedroom,625,3622,7.332886486486485,6.929478789937227,0.4034076965492579,0.9199999999999998,0.8937051352843731,0.8736,0.8097736057426833,0.8464,0.7785753727222529
Northeast,APS Decor,523,1958,7.357552581261951,7.324857432002933,0.03269514925901795,0.8891013384321224,0.8810010214504594,0.8852772466539196,0.8140960163432073,0.8604206500956024,0.8013278855975483
Northeast,APS Home Improvement,2096,10473,7.559637404580153,7.109903755968232,0.4497336486119208,0.8893129770992367,0.8977370380979663,0.8692748091603055,0.8151437028549605,0.8416030534351144,0.7789554091473314
Northeast,APS Housewares & More,604,3039,7.599337748344371,7.152359717244234,0.44697803110013634,0.9337748344370861,0.914116485686081,0.8874172185430463,0.8288910825929582,0.9072847682119205,0.8078315235274761
Northeast,APS K&D,425,3150,7.468235294117645,7.041912813543053,0.42632248057459154,0.908235294117647,0.9142857142857143,0.9035294117647056,0.8085714285714286,0.8705882352941176,0.7946031746031746
Northeast,APS Mattresses,432,1991,7.3217592592592595,6.969787243907155,0.35197201535210443,0.8634259259259259,0.8603716725263687,0.8587962962962962,0.7985936715218481,0.8564814814814815,0.7699648417880463
Northeast,APS Outdoor,2578,10034,7.425135764158264,6.972380977175728,0.4527547869825357,0.878200155159038,0.9149890372732711,0.8836307214895268,0.8374526609527604,0.8254460822342898,0.7919075144508668
Northeast,APS Upholstery,847,4847,7.58913813459268,7.305401273218435,0.28373686137424503,0.910271546635183,0.9030328037961622,0.8878394332939787,0.8335052609861769,0.8146399055489963,0.7678976686610275
Northeast,APS Youth,775,3065,7.58967741935484,7.253527253491497,0.33615016586334256,0.9135483870967742,0.8564437194127243,0.8890322580645161,0.7827079934747145,0.8761290322580645,0.7761827079934747
Northeast,Casegoods,1491,5637,7.604292421193827,7.360928313243283,0.2433641079505442,0.8625083836351439,0.8807876530069184,0.8423876592890679,0.7775412453432679,0.7981220657276992,0.7676068830938443
Northeast,Decor,1594,4911,7.9142918642857945,7.5295268655291885,0.38476499875660597,0.8996235884567126,0.9191610669924659,0.8663739021329987,0.8055385868458562,0.8356336260978672,0.7925066177967828
Northeast,Hardware,341,1122,7.214076246334311,6.7436828203205685,0.4703934260137421,0.9325513196480938,0.9117647058823529,0.844574780058651,0.7103386809269162,0.8005865102639295,0.6737967914438503
Northeast,Kitchen & Small Electrics,481,1541,7.272349272349272,6.519893539296524,0.7524557330527486,0.8877338877338875,0.9195327709279688,0.8586278586278585,0.8046722907203114,0.7879417879417879,0.7761194029850746
Northeast,Lighting,2118,6031,7.657223796033995,7.2035464293883305,0.4536773666456648,0.8857412653446648,0.9063173603050904,0.8687440982058546,0.8194329298623777,0.7979225684608123,0.7884264632730891
Northeast,Outdoor Furniture,2043,5553,7.7719040626529585,8.202950621981257,-0.4310465593282986,0.8492413117963779,0.8622366288492707,0.8316201664219287,0.7725553754727175,0.8105726872246695,0.7460831982712047
Northeast,Outdoor Structures,393,1488,7.989821882951654,7.227467926557258,0.7623539563943957,0.8625954198473281,0.905241935483871,0.8931297709923665,0.8521505376344084,0.8524173027989819,0.8259408602150538
Northeast,Plumbing,1048,2699,8.023701818867215,7.475296270198036,0.5484055486691792,0.9141221374045804,0.9373842163764358,0.8759541984732828,0.8151167098925528,0.801526717557252,0.7939977769544275
Northeast,Soft Home,1478,4725,7.46887686062246,7.41644796804008,0.05242889258238037,0.9106901217861976,0.9043386243386241,0.8626522327469552,0.776084656084656,0.7895805142083897,0.7174603174603177
Northeast,Storage & Org - Frequency,934,2896,7.680942184154177,7.1198390715428195,0.5611031126113577,0.9261241970021413,0.8895027624309392,0.8725910064239828,0.8204419889502762,0.830835117773019,0.773135359116022
Northeast,Tabletop,698,2680,7.3810888252149,6.93218630438521,0.44890252082968995,0.8839541547277935,0.8742537313432835,0.8681948424068768,0.8373134328358207,0.835243553008596,0.8052238805970149
Northeast,Upholstery,1615,4584,7.929805797917253,7.606329854503398,0.32347594341385477,0.8179566563467492,0.8987783595113438,0.8835913312693495,0.8215532286212914,0.7684210526315788,0.7955933682373474
Northeast,Wayfair,1824,6484,7.713770102339179,7.549799075933996,0.16397102640518302,0.8804824561403505,0.8854102405922271,0.8854166666666665,0.8200185070943863,0.8887061403508769,0.8089142504626776
Northeast,Youth Furniture & Decor,605,2074,7.107438016528924,6.6352119676133166,0.4722260489156076,0.8975206611570244,0.8664416586306654,0.8413223140495866,0.7883317261330762,0.7702479338842975,0.7439729990356797
South Central,APS,6420,29213,5.4244236760124664,5.091209915041921,0.333213760970545,0.8546728971962617,0.9073700065039539,0.8176012461059196,0.7410741793037348,0.7580996884735204,0.7399103139013451
South Central,APS AEOF,785,5583,5.2394904458598734,4.960395749531914,0.27909469632795947,0.8751592356687898,0.9036360379724163,0.7961783439490446,0.7157442235357335,0.8152866242038217,0.7297152068780225
South Central,APS Bedroom,940,6560,5.007446808510637,4.896821655279314,0.11062515323132338,0.9468085106382981,0.8960365853658536,0.8382978723404255,0.7294207317073174,0.8617021276595745,0.7365853658536585
South Central,APS Decor,729,2318,5.368366340877913,5.3343996089334205,0.033966731944492956,0.897119341563786,0.9003451251078514,0.7846364883401921,0.7208800690250216,0.8532235939643347,0.7739430543572045
South Central,APS Home Improvement,2269,13860,5.16130290107002,4.9374473809308785,0.2238555201391419,0.916703393565447,0.9019480519480522,0.8483913618334061,0.7658008658008656,0.8713089466725426,0.7812409812409813
South Central,APS Housewares & More,761,3828,5.407358738501971,5.094050189420552,0.3133085490814187,0.9145860709592643,0.8983803552769066,0.7976346911957949,0.7364158829676072,0.871222076215506,0.7839602925809823
South Central,APS K&D,1169,6451,4.9093242087254065,4.821766350771736,0.08755785795367022,0.9144568006843456,0.9176871802821269,0.8229255774165952,0.7445357308944349,0.8451668092386655,0.7527515113935824
South Central,APS Mattresses,565,2746,5.060554398750651,4.873591906974785,0.18696249177586566,0.8884955752212388,0.8554260742898762,0.815929203539823,0.7126729788783687,0.8318584070796459,0.7680262199563
South Central,APS Outdoor,1718,9619,5.009167295995289,4.804985388046905,0.2041819079483842,0.9173457508731082,0.9182867241917039,0.8696158323632133,0.783345462106248,0.8247962747380675,0.7788751429462523
South Central,APS Rugs,558,2089,5.397849462365591,5.062423657360443,0.33542580500514774,0.9121863799283154,0.8951651507898516,0.7795698924731183,0.6974629009095261,0.9014336917562723,0.778362853039732
South Central,APS Soft Home,308,1554,5.6396103896103895,5.283786960666906,0.3558234289434834,0.7662337662337663,0.8893178893178891,0.7305194805194803,0.7239382239382239,0.8538961038961039,0.7895752895752896
South Central,APS Upholstery,959,6610,5.1908237747653825,5.203704680859358,-0.012880906093975852,0.9259645464025026,0.9003025718608172,0.8665276329509907,0.7443267776096822,0.8529718456725759,0.7537065052950073
South Central,APS Youth,760,3849,5.132894736842107,5.042129516573843,0.09076522026826339,0.9276315789473685,0.852689010132502,0.8578947368421053,0.7381137957911146,0.8605263157894734,0.7687711093790595
South Central,Casegoods,1769,7544,5.310874134506882,5.051355123417298,0.2595190110895844,0.8400226116449971,0.8920996818663839,0.783493499152063,0.7564952279957582,0.7942340305257207,0.7826086956521741
South Central,Decor,1543,5224,5.616369193716068,5.190624109389265,0.42574508432680247,0.899546338302009,0.9104134762633995,0.829552819183409,0.7957503828483921,0.8282566429034347,0.8181470137825421
South Central,Hardware,813,1527,4.8819188191881935,4.78293117170503,0.09898764748316324,0.9225092250922508,0.8919449901768173,0.8942189421894217,0.7871643745907008,0.8253382533825339,0.7662082514734772
South Central,Kitchen & Small Electrics,370,1377,5.075675675675674,4.77193144105209,0.3037442346235837,0.889189189189189,0.8983297022512708,0.8054054054054054,0.7915758896151053,0.8459459459459457,0.8090050835148874
South Central,Lighting,1695,5599,5.317404129793509,5.065422170775201,0.2519819590183081,0.8690265486725661,0.9001607429898196,0.8430678466076696,0.7899624933023754,0.829498525073746,0.7947847829969638
South Central,Outdoor Furniture,1354,5755,5.271787296898079,5.585127361910581,-0.31334006501250133,0.8279172821270306,0.8185925282363161,0.7850812407680944,0.6894874022589056,0.7799113737075334,0.7070373588184189
South Central,Outdoor Structures,329,1132,5.4924012158054705,5.241640303643326,0.2507609121621446,0.8328267477203646,0.8966431095406361,0.8145896656534952,0.7977031802120141,0.8328267477203647,0.8180212014134275
South Central,Plumbing,861,2438,5.322880371660862,5.232772568447129,0.09010780321373257,0.9117305458768876,0.9438063986874488,0.8710801393728222,0.8170631665299426,0.8548199767711963,0.8552091878589008
South Central,Soft Home,1669,5527,5.139280581298918,5.060558379534167,0.07872220176475064,0.9113241461953264,0.9138773294734938,0.8418214499700419,0.7875882033652978,0.8208508088675854,0.7798082142210966
South Central,Storage & Org - Frequency,731,2246,5.203323480555012,4.953216988557299,0.2501064919977125,0.905608755129959,0.8909171861086375,0.86593707250342,0.7943009795191451,0.8837209302325578,0.8085485307212821
South Central,Tabletop,778,2251,4.9447300771208225,4.836989919594152,0.10774015752667054,0.8766066838046274,0.8898267436694802,0.8303341902313626,0.7894269213682807,0.8277634961439587,0.8120835184362504
South Central,Upholstery,1719,5024,5.552646887725418,5.344658542970075,0.20798834475534278,0.8662012798138455,0.8966958598726115,0.8400232693426409,0.77687101910828,0.7923211169284469,0.7840366242038214
South Central,Wayfair,2071,7835,5.282472235634959,5.287142161996781,-0.00466992636182173,0.9111540318686625,0.902361199744735,0.8382423949782715,0.7530312699425652,0.8874939642684695,0.8088066368857688
South Central,Youth Furniture & Decor,566,2309,4.862190812720847,4.94250675720132,-0.08031594448047308,0.9081272084805654,0.8822000866175834,0.8551236749116607,0.7752273711563448,0.8551236749116607,0.7414465136422694
Southeast,APS,9859,29852,7.463179642629868,6.956052735226304,0.5071269074035634,0.8396389086114203,0.902217606860512,0.8511005172938434,0.8056411630711507,0.7376001622882649,0.7388114699182633
Southeast,APS AEOF,889,3977,6.913385826771654,6.845663549060482,0.06772227771117212,0.8965129358830146,0.9054563741513703,0.8627671541057368,0.7933115413628362,0.8571428571428573,0.7520744279607745
Southeast,APS Bedroom,1229,4611,6.823433685923517,6.754467901600084,0.06896578432343237,0.9292107404393818,0.8837562350900021,0.8616761594792515,0.7785729776621123,0.8641171684296177,0.7540663630448927
Southeast,APS Decor,751,2299,7.005326231691079,7.045738673942868,-0.04041244225178886,0.8961384820239678,0.9038712483688558,0.8668442077230359,0.7925184862983906,0.8814913448735019,0.7816441931274465
Southeast,APS Home Improvement,4144,14266,7.080050558570846,6.803596218994412,0.2764543395764347,0.8935810810810808,0.8938034487592879,0.8559362934362933,0.7857142857142856,0.8298745173745169,0.7585167531193048
Southeast,APS Housewares & More,989,3356,7.358855173903226,6.813811812820594,0.545043361082632,0.9150657229524772,0.91507747318236,0.8543983822042469,0.8003575685339689,0.865520728008089,0.7854588796185934
Southeast,APS K&D,1062,3869,6.953860640301318,6.6653993681424435,0.28846127215887485,0.906779661016949,0.9255621607650556,0.8436911487758947,0.7893512535538898,0.8267419962335217,0.7725510467821142
Southeast,APS Mattresses,868,2652,7.130184331797234,6.699245408762606,0.43093892303462766,0.8490783410138248,0.8552036199095022,0.8294930875576036,0.7680995475113124,0.804147465437788,0.751131221719457
Southeast,APS Outdoor,3469,9727,6.928303873915789,6.608898750721736,0.3194051231940529,0.8979533006630157,0.9215585483705149,0.8636494667051026,0.813817209828313,0.8065724992793316,0.7733114012542409
Southeast,APS Rugs,511,1772,7.596868884540117,6.972864033568459,0.6240048509716587,0.8923679060665363,0.9068848758465009,0.8023483365949118,0.7957110609480813,0.8806262230919767,0.7872460496613995
Southeast,APS SEA,327,1039,7.434250764525994,6.573191005337299,0.861059759188695,0.9388379204892963,0.931665062560154,0.9021406727828745,0.7892204042348413,0.8685015290519876,0.7718960538979788
Southeast,APS Soft Home,463,1884,7.591792656587472,7.303052687705337,0.28873996888213505,0.7645788336933045,0.8604033970276008,0.8596112311015116,0.744692144373673,0.8639308855291576,0.7430997876857749
Southeast,APS Upholstery,1835,6979,7.301907356948225,7.010376316694967,0.2915310402532576,0.8926430517711171,0.8989826622725318,0.8561307901907357,0.8048431007307635,0.8081743869209806,0.7541195013612265
Southeast,APS Youth,1365,4116,7.242697473466703,6.764823888144393,0.4778735853223095,0.9120879120879121,0.8634596695821184,0.8608058608058609,0.7565597667638484,0.8432234432234432,0.7419825072886297
Southeast,Casegoods,2081,6989,7.2715040845747225,6.922720613252083,0.34878347132263965,0.8827486785199425,0.8891114608670768,0.8356559346468042,0.7742166261267707,0.8000961076405574,0.7630562312204894
Southeast,Decor,1890,6068,7.685794801012195,7.1096357039492135,0.5761590970629813,0.9068783068783072,0.9212261041529334,0.8470899470899471,0.7826301911667763,0.8269841269841269,0.7686222808174025
Southeast,Hardware,550,1867,6.837522879804759,6.404800067030635,0.4327228127741236,0.9327272727272727,0.9003749330476698,0.8309090909090908,0.7359400107123728,0.8054545454545454,0.6973754686663095
Southeast,Kitchen & Small Electrics,507,1614,7.019723865877713,6.386198890616267,0.6335249752614454,0.895463510848126,0.9058240396530358,0.8126232741617356,0.7936802973977694,0.7672583826429981,0.7676579925650556
Southeast,Lighting,2442,7489,7.467649467649471,6.993703663651006,0.47394580399846475,0.879606879606879,0.8985178261450124,0.8570843570843573,0.7997062358125248,0.7989352989352991,0.7587127787421553
Southeast,Outdoor Furniture,2171,5620,7.3266287936946615,7.540269314680685,-0.21364052098602393,0.8489175495163519,0.8523131672597865,0.8263473053892217,0.7485765124555162,0.7835099032703824,0.7181494661921708
Southeast,Outdoor Structures,351,1323,7.512820512820513,7.071963937825735,0.44085657499477815,0.8575498575498576,0.9236583522297808,0.8717948717948718,0.8095238095238095,0.8404558404558403,0.7800453514739227
Southeast,Plumbing,1153,3417,7.606244579358196,7.272646836672594,0.33359774268560205,0.9228100607111882,0.9370793093356745,0.8673026886383349,0.7986537898741585,0.8187337380745879,0.7831431079894644
Southeast,Recreation,348,1174,6.681034482758621,6.146328342150094,0.5347061406085274,0.9511494252873564,0.9437819420783645,0.8362068965517241,0.7998296422487223,0.8132183908045977,0.75809199318569
Southeast,Soft Home,2352,7623,7.229591836734697,6.936336958074858,0.29325487865983835,0.9251700680272112,0.9130263675718222,0.8341836734693877,0.761248852157943,0.8005952380952376,0.7089072543617997
Southeast,Storage & Org - Frequency,872,2721,7.333554574588412,6.87392552474714,0.45962904984127206,0.9025229357798163,0.8915839764792356,0.8520642201834863,0.7813303932377802,0.8233944954128439,0.7350238882763689
Southeast,Tabletop,979,3234,7.086249440497642,6.6172250741303555,0.46902436636728684,0.8723186925434115,0.8837353123067406,0.8488253319713993,0.7854050711193569,0.8110316649642493,0.7594310451453309
Southeast,Upholstery,2292,6059,7.554662512761927,7.296054535175429,0.25860797758649756,0.8664921465968586,0.8918963525334214,0.8643106457242585,0.8148209275457996,0.768760907504363,0.7585410133685426
Southeast,Wayfair,2739,7681,7.409638554216867,7.173410651018298,0.23622790319856968,0.8897407813070465,0.8945449811222496,0.874406717780212,0.8027600572842076,0.8736765242789337,0.7945580002603828
Southeast,Youth Furniture & Decor,639,2743,6.95148669796557,6.508221556401054,0.4432651415645159,0.8998435054773083,0.8807874589865111,0.7965571205007826,0.7685016405395553,0.7167449139280127,0.7152752460809331
West Coast,APS,11739,104078,4.619085952806882,3.5082358272415997,1.1108501255652827,0.8635318170201891,0.8951651645880977,0.8305647840531558,0.8633524856357732,0.8226424738052642,0.8116316608697323
West Coast,APS AEOF,3402,33503,4.4044679600235135,3.3433740990470353,1.0610938609764782,0.8985890652557319,0.9168134196937587,0.8489124044679601,0.8723397904665254,0.8259847148736035,0.8223442676775212
West Coast,APS Bedroom,3835,37868,4.29543676662321,3.3079122922276327,0.9875244743955771,0.9097783572359839,0.9011302418928913,0.8623207301173403,0.8799514101616144,0.8448500651890485,0.8134308651103832
West Coast,APS Decor,1194,10828,4.932160804020101,3.6826880334033043,1.2494727706167965,0.907035175879397,0.9316586627262652,0.7780569514237856,0.8460472848171408,0.8609715242881072,0.856852604359069
West Coast,APS Home Improvement,5658,47888,4.547592346673262,3.3931371338587644,1.154455212814498,0.8893601979498051,0.9049866354827929,0.8361611876988336,0.8767958569996659,0.8133616118769882,0.8240268960908788
West Coast,APS Housewares & More,1450,12049,4.6591034482758635,3.520018591945156,1.1390848563307077,0.9124137931034484,0.9082081500539461,0.8268965517241381,0.8645530749439787,0.8682758620689657,0.8370819155116604
West Coast,APS K&D,3028,29240,4.371814085277105,3.256035753731785,1.1157783315453198,0.9081902245706737,0.9226402188782494,0.8583223249669742,0.8897058823529411,0.8632760898282698,0.8468536251709985
West Coast,APS Mattresses,764,8096,4.488219895287959,3.3979613923695617,1.0902585029183975,0.8691099476439789,0.8784584980237155,0.8167539267015704,0.8572134387351777,0.8416230366492146,0.8262104743083004
West Coast,APS Outdoor,8259,61448,4.390072100110553,3.2903757148323316,1.0996963852782211,0.9102796948783153,0.925693269105585,0.8656011623683252,0.897571930738185,0.8300036324010172,0.8363494336674909
West Coast,APS Pet,372,3622,4.534946236559141,3.6028673661291353,0.9320788704300056,0.9381720430107527,0.9110988404196576,0.8494623655913979,0.8277194919933737,0.9112903225806451,0.7976256212037548
West Coast,APS Rugs,637,5299,4.914442700156987,3.651888976045125,1.2625537241118616,0.8885400313971743,0.9026231364408379,0.7739403453689169,0.8218531798452535,0.8524332810047096,0.8401585204755614
West Coast,APS SEA,365,3175,4.605479452054796,3.426077215799788,1.179402236255008,0.9397260273972603,0.9310236220472441,0.8712328767123286,0.8803149606299211,0.8849315068493149,0.8582677165354331
West Coast,APS Upholstery,1978,17318,4.753791708796764,3.6477792212401448,1.1060124875566193,0.8781597573306371,0.8966970781845478,0.845803842264914,0.8621087885437116,0.8240647118301314,0.8212842129576163
West Coast,APS Youth,1366,12281,4.633235724743775,3.499098440214015,1.1341372845297601,0.8535871156661785,0.8693917433433758,0.8587115666178625,0.8574220340363162,0.8762811127379206,0.8326683494829411
West Coast,Casegoods,3075,29170,4.7070894308943085,3.5677223989977263,1.1393670318965823,0.8617886178861791,0.8897497428865271,0.8399999999999999,0.8638327048337331,0.8214634146341458,0.8302022625985601
West Coast,Decor,1737,14965,4.9879101899827285,3.686226896462937,1.3016832935197913,0.8957973517559006,0.9166054126294686,0.810592976396085,0.863214166388239,0.8111686816350028,0.8537921817574342
West Coast,Hardware,373,4341,5.25201072386059,4.255198451632555,0.996812272228035,0.9115281501340483,0.9255931812946324,0.7640750670241285,0.8113337940566688,0.6675603217158176,0.6046993780234969
West Coast,Kitchen & Small Electrics,381,3578,4.656167979002625,3.371494334060118,1.2846736449425067,0.8320209973753281,0.8859698155394075,0.8057742782152231,0.8569032979318053,0.7926509186351706,0.8258803801006148
West Coast,Lighting,1478,11984,5.129228687415426,3.7838481388739615,1.3453805485414647,0.8728010825439784,0.8976134846461947,0.7780784844384303,0.8608144192256341,0.7855209742895806,0.8385347129506008
West Coast,Outdoor Furniture,2622,21088,5.004576659038899,3.9346618462619967,1.0699148127769025,0.8375286041189928,0.8492507587253414,0.8230358504958044,0.8285754931714719,0.7471395881006864,0.7503793626707133
West Coast,Outdoor Structures,469,4660,4.852878464818763,3.6584069483004136,1.194471516518349,0.7761194029850745,0.8793991416309013,0.8017057569296374,0.8806866952789701,0.8336886993603412,0.8386266094420601
West Coast,Plumbing,756,8395,4.596461187214612,3.3456376468935325,1.25082354032108,0.8968253968253966,0.9254318046456222,0.8584656084656085,0.8692078618225134,0.8637566137566136,0.8538415723645026
West Coast,Rugs,1006,9005,4.0109343936381725,2.5928236838214707,1.4181107098167018,0.9731610337972171,0.926152137701277,0.8836978131212724,0.8869516935036091,0.8210735586481114,0.7915602443087174
West Coast,Soft Home,793,8214,4.829760403530895,3.8159774383519616,1.0137829651789336,0.9218158890290039,0.908570732895057,0.8839848675914249,0.869125882639396,0.8738965952080705,0.8402727051375702
West Coast,Storage & Org,444,4273,4.126126126126125,2.992845993987234,1.133280132138891,0.9752252252252253,0.9517903112567283,0.8783783783783783,0.9073250643575941,0.8626126126126125,0.8684764802246663
West Coast,Storage & Org - Frequency,706,6528,4.526912181303116,3.527390739198204,0.9995214421049119,0.8852691218130309,0.886642156862745,0.8611898016997167,0.8665747549019607,0.8725212464589235,0.8651960784313723
West Coast,Tabletop,624,5284,4.695512820512819,3.438150890967824,1.2573619295449956,0.831730769230769,0.8932626797880392,0.8044871794871796,0.8802043906131718,0.7884615384615387,0.864118092354277
West Coast,Upholstery,1575,12932,4.834285714285714,3.7207613200324374,1.1135243942532762,0.7790476190476189,0.8936746056294463,0.8520634920634921,0.8762759047324467,0.8342857142857143,0.8575626353232293
West Coast,Wayfair,2911,23884,4.890930951563041,3.769217119859929,1.121713831703112,0.887667468223978,0.9054178529559535,0.826176571624871,0.84943895494892,0.8684300927516314,0.8357896499748786
West Coast,Youth Furniture & Decor,620,5975,4.637096774193547,3.453720736072242,1.1833760381213052,0.8693548387096774,0.8748117154811715,0.8564516129032256,0.8651046025104603,0.7919354838709678,0.818744769874477
