origin_region,dest_state,vol,suppliers,pct_of_directs
West Coast,FL,25634,4268,0.0440794372193878
Southeast,FL,19611,2104,0.033722471846353054
Northeast,FL,17004,2642,0.02923955490670477
West Coast,NY,15545,2760,0.026730703424178173
West Coast,CA,14655,3358,0.025200286824144814
West Coast,TX,14538,2591,0.024999097226162902
West Coast,IL,13617,3076,0.023415373980510402
West Coast,NC,12399,3001,0.021320938678442276
Southeast,TX,12205,1046,0.020987342251019274
Southeast,CA,11086,920,0.019063144301089692
West Coast,PA,11051,2760,0.019002959378616468
Southeast,NY,11007,1269,0.01892729833322156
West Coast,VA,10909,2885,0.01875878055029654
Southeast,IL,10648,1443,0.018309972985567656
West Coast,WA,10306,2778,0.017721880314543602
West Coast,MD,9186,2549,0.015795962795400496
Northeast,NC,9178,2011,0.015782206241692333
Northeast,IL,9160,1949,0.01575125399584896
Northeast,CA,9016,955,0.01550363602910199
West Coast,OH,8981,2657,0.015443451106628767
West Coast,GA,8289,1794,0.014253509210872492
Northeast,TX,7989,1160,0.013737638446816304
Southeast,PA,7947,1376,0.013665416539848436
Northeast,OH,7145,1782,0.012286322030604892
West Coast,MI,6601,2165,0.01135087637844967
Southeast,VA,6501,1316,0.011178919457097609
West Coast,CO,6265,2166,0.010773101122706739
West Coast,OR,6216,2130,0.010688842231244229
Southeast,OH,6170,1182,0.01060974204742228
Northeast,GA,5655,1246,0.009724163902459155
Southeast,MD,5596,1179,0.009622709318861439
West Coast,TN,5512,1967,0.009478265504925707
Northeast,MI,5268,1523,0.009058690616826673
Midwest,CA,5209,499,0.008957236033228955
West Coast,IN,4658,1809,0.008009753396579089
West Coast,WI,4414,1621,0.007590178508480055
West Coast,SC,4411,1660,0.007585019800839494
South Central,FL,4360,915,0.007497321770949941
Southeast,MI,4171,937,0.007172323189594543
South Central,CA,4005,448,0.006886874700150119
West Coast,UT,3994,1573,0.006867959438801392
Southeast,IN,3885,1003,0.006680526394527643
Midwest,NY,3866,511,0.006647854579470751
Northeast,SC,3793,1301,0.006522326026883745
West Coast,MN,3741,1530,0.006432908427780672
Midwest,TX,3697,436,0.0063572473823857644
Northeast,TN,3622,1263,0.0062282796913717174
Southeast,WA,3411,720,0.005865450587318865
Midwest,FL,3401,480,0.005848254895183659
Southeast,WI,3355,794,0.005769154711361709
West Coast,MO,3199,1383,0.0055009019140524916
Northeast,IN,3151,1161,0.0054183625918035015
Southeast,AZ,3036,725,0.005220612132248629
Northeast,WI,3015,1151,0.005184501178764696
Northeast,MN,2783,1091,0.00478556112122791
Southeast,TN,2752,833,0.00473225447560877
West Coast,KY,2610,1266,0.004488075647288841
Southeast,NC,2518,465,0.004329875279644943
Midwest,NC,2490,421,0.004281727341666366
Southeast,MO,2488,733,0.0042782882032393246
West Coast,AZ,2438,1072,0.004192309742563293
West Coast,ID,2429,1129,0.004176833619641608
Southeast,MN,2383,700,0.004097733435819658
West Coast,AL,2380,1099,0.004092574728179097
West Coast,LA,2348,1082,0.004037548513346437
South Central,NY,2213,511,0.0038054066695211515
Northeast,WA,2187,807,0.0037606978699696154
South Central,IL,2146,452,0.0036901955322152695
Southeast,OR,2125,541,0.003654084578731336
Midwest,GA,2104,355,0.003617973625247403
Northeast,AZ,2032,736,0.003494164641873918
Midwest,VA,1984,414,0.0034116253196249274
Northeast,MO,1924,860,0.00330845116681369
Midwest,PA,1848,382,0.0031777639065861223
Southeast,CO,1846,516,0.0031743247681590807
West Coast,DE,1747,920,0.0030040874160205387
South Central,NC,1718,484,0.00295421990882844
South Central,GA,1691,402,0.002907791540063383
Southeast,KY,1635,598,0.002811495664106228
Northeast,LA,1632,738,0.002806336956465666
Northeast,KY,1613,774,0.0027736651414087743
Southeast,LA,1601,611,0.0027530303108465265
Northeast,CO,1588,630,0.0027306759110707584
West Coast,MS,1575,855,0.0027083215112949904
South Central,CO,1562,413,0.0026859671115192223
West Coast,NM,1503,828,0.0025845125279215053
Northeast,AL,1478,647,0.0025415232975834895
West Coast,NV,1426,810,0.0024521056984804167
Southeast,UT,1426,412,0.0024521056984804167
Southeast,NV,1414,459,0.002431470867918169
West Coast,OK,1403,748,0.002412555606569442
Northeast,OR,1399,575,0.0024056773297153598
West Coast,DC,1362,780,0.0023420532688150962
South Central,VA,1359,460,0.0023368945611745347
Mid-Atlantic,CA,1340,390,0.002304222746117643
Midwest,MD,1335,325,0.0022956249000500393
Southeast,AR,1305,491,0.0022440378236444204
Florida,CA,1292,188,0.0022216834238686523
South Central,TN,1284,427,0.0022079268701604873
West Coast,AR,1252,740,0.0021529006553278273
Northeast,VA,1243,480,0.0021374245324061415
Southeast,DE,1226,418,0.002108191855776291
South Central,OH,1213,410,0.0020858374560005226
South Central,PA,1208,419,0.0020772396099329195
West Coast,MT,1199,720,0.0020617634870112337
West Coast,IA,1173,680,0.0020170546874596976
Mountain,CA,1172,120,0.0020153351182461768
Mid-Atlantic,FL,1155,283,0.0019861024416163264
Midwest,AZ,1080,270,0.0018571347506022792
Northeast,NV,1075,477,0.001848536904534676
South Central,MO,1073,378,0.0018450977661076348
Midwest,SC,1059,275,0.001821023797118346
Midwest,TN,1054,275,0.0018124259510507428
Southeast,OK,1035,403,0.0017797541359938509
South Central,WA,1025,286,0.0017625584438586445
Midwest,WA,1020,243,0.0017539605977910414
South Central,AZ,995,328,0.0017109713674530256
Southeast,DC,982,378,0.0016886169676772575
Northeast,MS,982,517,0.0016886169676772575
Florida,NY,978,149,0.001681738690823175
Southeast,MS,956,433,0.0016439081681257212
Northeast,UT,952,431,0.0016370298912716387
South Central,MD,935,364,0.0016077972146417879
Northeast,AR,919,487,0.0015802841072254578
South Central,OK,876,318,0.0015063426310440709
Florida,TX,875,149,0.0015046230618305503
Southeast,AL,872,334,0.0014994643541899884
Southeast,IA,860,375,0.0014788295236277409
Northeast,IA,811,474,0.00139457063216523
West Coast,KS,807,492,0.0013876923553111475
South Central,IN,794,295,0.0013653379555353792
West Coast,WV,790,550,0.0013584596786812967
South Central,SC,744,271,0.0012793594948593478
Mid-Atlantic,TX,718,207,0.0012346506953078114
Southeast,KS,701,249,0.0012054180186779609
Mountain,FL,696,86,0.0011968201726103576
Midwest,MN,682,202,0.001172746203621069
Southeast,ID,677,267,0.0011641483575534656
Midwest,CO,670,168,0.0011521113730588214
South Central,OR,652,225,0.00112115912721545
Midwest,OR,640,191,0.0011005242966532025
Northeast,OK,625,336,0.001074730758450393
South Central,WI,607,224,0.0010437785126070217
Mountain,NY,593,95,0.0010197045436177328
South Central,MI,574,244,0.0009870327285608409
Southeast,SC,551,102,0.0009474826366498664
South Central,NV,541,235,0.0009302869445146602
South Central,TX,538,204,0.0009251282368740983
South Central,AL,519,239,0.0008924564218172064
Florida,IL,518,112,0.0008907368526036857
Mid-Atlantic,GA,513,167,0.0008821390065360825
Midwest,LA,512,171,0.000880419437322562
Midwest,NV,506,176,0.0008701020220414382
Mountain,TX,502,80,0.0008632237451873557
Northeast,KS,499,314,0.0008580650375467938
West Coast,NE,498,363,0.0008563454683332731
West Coast,,492,360,0.0008460280530521493
Southeast,GA,491,87,0.0008443084838386288
Mid-Atlantic,IL,480,128,0.0008253932224899018
Southeast,WV,470,268,0.0008081975303546956
Northeast,ID,447,242,0.0007686474384437211
South Central,MS,438,213,0.0007531713155220354
South Central,UT,414,167,0.0007119016543975403
Florida,NC,408,110,0.0007015842391164166
Florida,GA,405,105,0.0006964255314758546
South Central,MN,397,170,0.0006826689777676896
South Central,KS,393,198,0.0006757907009136071
Midwest,OH,385,124,0.0006620341472054421
Midwest,DE,378,145,0.0006499971627107977
Florida,PA,378,111,0.0006499971627107977
South Central,AR,377,176,0.0006482775934972771
Florida,VA,370,108,0.0006362406090026327
Midwest,MO,366,154,0.0006293623321485502
Midwest,AR,359,148,0.0006173253476539057
Southeast,MT,356,173,0.0006121666400133439
Midwest,AL,356,148,0.0006121666400133439
Midwest,MS,354,140,0.0006087275015863026
Southeast,NE,346,170,0.0005949709478781375
South Central,KY,339,177,0.0005829339633834932
Midwest,UT,338,114,0.0005812143941699725
Mountain,WA,337,59,0.000579494824956452
Northeast,NM,336,213,0.0005777752557429313
Northeast,MT,330,208,0.0005674578404618075
Mountain,IL,319,77,0.0005485425791130806
Mountain,NC,309,71,0.0005313468869778743
Northeast,MD,300,55,0.0005158707640561886
South Central,IA,299,159,0.0005141511948426681
Northeast,PA,299,152,0.0005141511948426681
Northeast,NE,293,211,0.0005038337795615442
Mid-Atlantic,AZ,289,140,0.0004969555027074617
West Coast,WY,286,218,0.0004917967950668999
Southeast,NM,281,176,0.0004831989489992967
Florida,OH,279,87,0.00047975981057225543
Midwest,KS,276,127,0.00047460110293169356
Midwest,IL,266,78,0.00045740541079648724
Midwest,DC,261,135,0.0004488075647288841
Mountain,PA,261,64,0.0004488075647288841
Midwest,OK,257,128,0.0004419292878748016
Florida,MD,255,93,0.00043849014944776036
Northeast,WV,249,182,0.00042817273416663655
Mid-Atlantic,WA,245,124,0.00042129445731255404
Mountain,GA,240,62,0.0004126966112449509
Mountain,VA,235,61,0.0004040987651773478
Florida,SC,233,81,0.00040065962675030653
Midwest,MI,232,61,0.0003989400575367859
Northeast,,225,174,0.0003869030730421415
South Central,NE,221,137,0.00038002479618805897
Florida,WA,221,59,0.00038002479618805897
West Coast,SD,218,173,0.0003748660885474971
Midwest,WI,217,72,0.00037314651933397647
Florida,AZ,216,74,0.00037142695012045584
Mountain,OR,215,53,0.0003697073809069352
Mountain,MD,209,66,0.0003593899656258114
Southeast,,206,120,0.00035423125798524953
Midwest,ID,206,88,0.00035423125798524953
West Coast,ND,205,167,0.0003525116887717289
South Central,DE,195,113,0.00033531599663652264
Northeast,NY,192,63,0.0003301572889959607
Mountain,OH,187,59,0.0003215594429283576
South Central,NM,187,125,0.0003215594429283576
Mid-Atlantic,TN,186,78,0.00031983987371483696
Florida,TN,186,75,0.00031983987371483696
Mid-Atlantic,SC,180,89,0.0003095224584337132
Northeast,SD,174,119,0.0002992050431525894
Midwest,KY,172,78,0.00029576590472554814
Mountain,CO,171,47,0.0002940463355120275
South Central,DC,170,107,0.0002923267662985069
South Central,ID,166,86,0.0002854484894444244
Southeast,ND,164,110,0.00028200935101738313
Mid-Atlantic,MI,157,62,0.0002699723665227387
Mountain,AZ,155,35,0.00026653322809569744
Florida,CO,151,51,0.00025965495124161494
Mid-Atlantic,NY,151,20,0.00025965495124161494
Southeast,SD,150,111,0.0002579353820280943
Northeast,ND,149,121,0.0002562158128145737
Mid-Atlantic,IN,148,53,0.00025449624360105306
Florida,OR,144,53,0.00024761796674697056
Midwest,NE,144,83,0.00024761796674697056
Florida,WI,142,63,0.0002441788283199293
Mid-Atlantic,OH,140,60,0.00024073968989288803
Mid-Atlantic,OR,139,87,0.0002390201206793674
Mid-Atlantic,CO,135,70,0.0002321418438252849
Florida,AL,129,50,0.00022182442854416112
Florida,NV,126,52,0.00021666572090359924
Mid-Atlantic,WI,125,48,0.00021494615169007861
Midwest,MT,120,62,0.00020634830562247546
Mid-Atlantic,NC,118,60,0.0002029091671954342
Midwest,,117,58,0.00020118959798191358
Mid-Atlantic,AL,115,54,0.0001977504595548723
Florida,IN,115,55,0.0001977504595548723
Southeast,WY,114,65,0.00019603089034135168
Midwest,WV,113,51,0.00019431132112783105
Mountain,SC,111,47,0.0001908721827007898
Florida,MI,108,43,0.00018571347506022792
Florida,MO,107,45,0.0001839939058467073
Mountain,MI,106,35,0.00018227433663318664
Mid-Atlantic,LA,103,54,0.00017711562899262476
Midwest,IN,102,36,0.00017539605977910414
Midwest,NM,102,68,0.00017539605977910414
Mid-Atlantic,NV,100,61,0.00017195692135206289
South Central,MT,99,57,0.00017023735213854226
Florida,MN,93,36,0.00015991993685741848
Mountain,IN,93,45,0.00015991993685741848
Mountain,WI,92,35,0.00015820036764389785
Florida,UT,90,33,0.0001547612292168566
Midwest,SD,89,54,0.00015304166000333597
Northeast,WY,83,65,0.0001427242447222122
Mountain,UT,81,32,0.00013928510629517094
South Central,,80,47,0.00013756553708165031
Florida,KY,80,39,0.00013756553708165031
Mid-Atlantic,UT,78,55,0.00013412639865460904
Mountain,TN,76,40,0.00013068726022756778
South Central,WV,74,57,0.00012724812180052653
Mountain,NV,67,30,0.00011521113730588214
Florida,LA,66,32,0.0001134915680923615
West Coast,AK,65,60,0.00011177199887884087
Florida,DE,65,34,0.00011177199887884087
Midwest,ND,64,45,0.00011005242966532025
Mid-Atlantic,KY,61,33,0.00010489372202475835
Mountain,MN,60,29,0.00010317415281123773
Northeast,DE,60,18,0.00010317415281123773
Mid-Atlantic,MO,60,41,0.00010317415281123773
Florida,DC,59,33,0.0001014545835977171
South Central,LA,58,33,9.973501438419648e-05
Florida,AR,58,30,9.973501438419648e-05
Mountain,MO,57,26,9.801544517067584e-05
Mountain,KY,54,28,9.285673753011396e-05
Mid-Atlantic,ID,53,45,9.113716831659332e-05
Mountain,LA,53,24,9.113716831659332e-05
Midwest,IA,51,27,8.769802988955207e-05
Mountain,DE,51,24,8.769802988955207e-05
Mid-Atlantic,AR,51,40,8.769802988955207e-05
Florida,OK,49,21,8.425889146251082e-05
Florida,ID,49,27,8.425889146251082e-05
Mid-Atlantic,MS,49,34,8.425889146251082e-05
Mid-Atlantic,MN,48,34,8.253932224899018e-05
Mid-Atlantic,NM,47,42,8.081975303546955e-05
Mid-Atlantic,OK,45,36,7.73806146084283e-05
Mountain,ID,45,24,7.73806146084283e-05
Northeast,DC,45,22,7.73806146084283e-05
Mountain,MT,44,23,7.566104539490767e-05
Florida,MS,41,27,7.050233775434578e-05
Florida,KS,41,25,7.050233775434578e-05
Mountain,AL,39,18,6.706319932730452e-05
Mountain,DC,39,19,6.706319932730452e-05
South Central,SD,39,34,6.706319932730452e-05
Midwest,WY,38,30,6.534363011378389e-05
Florida,NM,33,20,5.674578404618075e-05
Mid-Atlantic,IA,32,20,5.502621483266012e-05
Mountain,KS,32,19,5.502621483266012e-05
South Central,ND,31,26,5.330664561913949e-05
Florida,FL,31,19,5.330664561913949e-05
South Central,WY,30,23,5.1587076405618864e-05
Mid-Atlantic,MT,30,19,5.1587076405618864e-05
Mountain,OK,27,20,4.642836876505698e-05
Mid-Atlantic,KS,24,20,4.126966112449509e-05
Mountain,NM,22,15,3.783052269745384e-05
Florida,IA,22,12,3.783052269745384e-05
Florida,WV,22,15,3.783052269745384e-05
Mountain,AR,21,14,3.6110953483933204e-05
Mid-Atlantic,,21,19,3.6110953483933204e-05
Mountain,MS,21,15,3.6110953483933204e-05
Mountain,,20,12,3.439138427041258e-05
Mountain,NE,19,13,3.2671815056891946e-05
Mountain,WV,16,10,2.751310741633006e-05
Florida,NE,15,11,2.5793538202809432e-05
Mountain,IA,15,8,2.5793538202809432e-05
Mountain,WY,13,9,2.2354399775768174e-05
Florida,,13,9,2.2354399775768174e-05
Mid-Atlantic,PA,13,6,2.2354399775768174e-05
Mountain,SD,9,8,1.547612292168566e-05
Southeast,AK,9,9,1.547612292168566e-05
Mid-Atlantic,NE,9,8,1.547612292168566e-05
Florida,MT,8,3,1.375655370816503e-05
Northeast,AK,8,8,1.375655370816503e-05
Florida,WY,8,6,1.375655370816503e-05
Mid-Atlantic,WY,7,6,1.2036984494644401e-05
Mid-Atlantic,ND,5,5,8.597846067603145e-06
Florida,ND,5,4,8.597846067603145e-06
South Central,AK,4,4,6.878276854082515e-06
Midwest,AK,4,4,6.878276854082515e-06
Mid-Atlantic,SD,3,3,5.158707640561886e-06
Mountain,AK,3,3,5.158707640561886e-06
Florida,SD,2,1,3.4391384270412577e-06
Mid-Atlantic,WV,2,2,3.4391384270412577e-06
Mid-Atlantic,AK,1,1,1.7195692135206288e-06
Mountain,ND,1,1,1.7195692135206288e-06
