origin_state,dest_region,vol,suppliers,pct_of_directs
CA,Midwest,47352,5441,0.08142504139862881
CA,Southeast,36541,4770,0.0628347786312573
CA,West Coast,30652,4688,0.05270823553283432
CA,Northeast,25961,3815,0.04464173635220905
NJ,Midwest,25774,2824,0.04432017690928069
GA,Midwest,25165,2360,0.043272959258246625
CA,Florida,25139,4186,0.043228250458695085
CA,Mid-Atlantic,23573,4070,0.04053540507032178
CA,Mountain,19201,3762,0.03301744846880959
CA,South Central,19171,3214,0.032965861392403976
NJ,Southeast,18264,2453,0.03140621211574077
GA,Florida,14233,1756,0.02447462861603911
NJ,Florida,11663,2039,0.020055335737291093
GA,Northeast,11647,1546,0.020027822629874764
GA,Mid-Atlantic,10761,1739,0.018504284306695488
GA,South Central,9829,1295,0.016901645799694262
GA,West Coast,7687,1081,0.013218328544333073
TX,Midwest,7414,1062,0.012748886149041941
NJ,South Central,6547,1269,0.011258019640919556
TX,Southeast,6418,1032,0.011036195212375395
NJ,West Coast,6376,1113,0.01096397330540753
GA,Southeast,6219,1290,0.01069400093888479
GA,Mountain,5282,1083,0.009082764585815962
TX,West Coast,5208,657,0.008955516464015436
IL,Southeast,4366,433,0.007507639186231065
PA,Midwest,4346,370,0.007473247801960653
TX,Florida,4199,899,0.0072204711275731205
NJ,Mountain,4192,1203,0.007208434143078476
TN,West Coast,4002,108,0.006881715992509556
PA,Southeast,3896,364,0.00669944165587637
TX,Mountain,3849,774,0.0066186219028409
NY,West Coast,3598,254,0.006187010030247223
NY,Midwest,3489,293,0.005999576985973474
NY,Southeast,3356,276,0.00577087428057523
TX,Northeast,3312,700,0.0056952132351803225
TN,Midwest,3221,102,0.0055387324367499454
IL,West Coast,3087,353,0.0053083101621381815
IL,Northeast,2828,347,0.004862941735836338
NY,South Central,2761,220,0.0047477305985304565
SC,Midwest,2698,70,0.004639397738078656
IL,South Central,2695,304,0.004634239030438095
TX,Mid-Atlantic,2658,671,0.004570614969537832
NC,Midwest,2488,178,0.0042782882032393246
NY,Florida,2398,246,0.0041235269740224675
PA,Florida,2389,296,0.004108050851100782
IL,Mid-Atlantic,2332,353,0.004010035405930107
TN,Northeast,2199,108,0.0037813327005318626
TN,South Central,2108,99,0.0036248519021014856
PA,West Coast,1943,207,0.003341122981870582
SC,Northeast,1899,67,0.0032654619364756742
IL,Florida,1894,269,0.003256864090408071
NC,West Coast,1792,148,0.0030814680306289668
TN,Mid-Atlantic,1730,94,0.002974854739390688
NC,Northeast,1706,158,0.002933585078266193
FL,West Coast,1657,210,0.002849326186803682
TX,South Central,1636,496,0.002813215233319749
NY,Mountain,1552,179,0.0026687714193840157
IL,Mountain,1543,238,0.0026532952964623303
TN,Mountain,1529,84,0.0026292213274730415
FL,Southeast,1482,201,0.0025484015744375718
FL,Midwest,1447,186,0.00248821665196435
SC,Florida,1434,58,0.0024658622521885817
NC,Florida,1420,142,0.002441788283199293
TN,Florida,1374,83,0.002362688099377344
FL,Northeast,1356,187,0.002331735853533973
PA,South Central,1294,188,0.002225122562295694
OH,West Coast,1279,77,0.0021993290240928842
SC,West Coast,1256,59,0.0021597789321819096
SC,South Central,1239,53,0.002130546255552059
MS,Midwest,1222,47,0.0021013135789222084
IL,Midwest,1165,238,0.0020032981337515326
NC,South Central,1133,124,0.0019482719189188725
MD,West Coast,1055,420,0.0018141455202642634
FL,South Central,1048,162,0.001802108535769619
MS,South Central,1023,34,0.0017591193054316034
TN,Southeast,1001,81,0.0017212887827341495
SC,Mid-Atlantic,960,55,0.0016507864449798037
MS,West Coast,878,43,0.001509781769471112
OH,Southeast,871,77,0.0014977447849764678
OH,Northeast,855,76,0.0014702316775601376
NV,West Coast,850,44,0.0014616338314925345
KY,West Coast,847,28,0.0014564751238519726
NC,Mountain,843,109,0.00144959684699789
KY,Southeast,840,24,0.0014444381393573281
IN,West Coast,823,60,0.0014152054627274775
PA,Mountain,788,168,0.0013550205402542556
FL,Mid-Atlantic,771,161,0.0013257878636244048
NJ,Mid-Atlantic,718,418,0.0012346506953078114
IN,Southeast,704,62,0.0012105767263185228
NY,Mid-Atlantic,701,108,0.0012054180186779609
FL,Mountain,681,141,0.0011710266344075481
MS,Northeast,673,35,0.0011572700806993831
KY,South Central,669,27,0.0011503918038453006
KY,Northeast,647,30,0.001112561281147847
WI,Southeast,642,45,0.0011039634350802437
OH,Florida,628,69,0.0010798894660909548
WI,West Coast,626,45,0.0010764503276639136
WA,Midwest,613,64,0.0010540959278881456
MD,Southeast,603,246,0.0010369002357529392
MS,Southeast,595,65,0.0010231436820447742
SC,Mountain,586,51,0.0010076675591230884
KY,Mid-Atlantic,581,30,0.0009990697130554853
WI,Northeast,575,43,0.0009887522977743617
OH,South Central,559,60,0.0009612391903580315
NC,Southeast,558,95,0.0009595196211445109
UT,West Coast,550,29,0.0009457630674363459
MD,Florida,533,204,0.0009165303908064952
WA,Southeast,523,51,0.0008993346986712889
MS,Florida,522,35,0.0008976151294577682
KY,Mountain,519,20,0.0008924564218172064
WA,Northeast,516,57,0.0008872977141766445
NV,Midwest,516,49,0.0008872977141766445
VA,West Coast,511,34,0.0008786998681090413
MD,Midwest,506,152,0.0008701020220414382
VA,Midwest,491,46,0.0008443084838386288
SC,Southeast,488,43,0.0008391497761980668
IN,Northeast,488,52,0.0008391497761980668
CA,Unknown,487,356,0.0008374302069845463
MD,Mountain,484,260,0.0008322714993439843
KY,Florida,479,25,0.0008236736532763812
VA,Florida,477,42,0.0008202345148493399
NV,Northeast,477,42,0.0008202345148493399
MS,Mid-Atlantic,475,33,0.0008167953764222986
MD,South Central,457,195,0.0007858431305789274
VA,Southeast,444,31,0.0007634887308031592
MI,West Coast,420,37,0.0007222190696786641
NV,Southeast,416,47,0.0007153407928245816
WI,South Central,414,33,0.0007119016543975403
WA,West Coast,413,56,0.0007101820851840197
MI,Northeast,410,40,0.0007050233775434578
WA,Florida,405,53,0.0006964255314758546
OH,Mountain,388,61,0.0006671928548460039
NV,Florida,383,33,0.0006585950087784008
WI,Mid-Atlantic,375,38,0.0006448384550702358
IN,South Central,373,47,0.0006413993166431946
MS,Mountain,368,32,0.0006328014705755914
IN,Mid-Atlantic,362,51,0.0006224840552944677
WA,Mid-Atlantic,359,48,0.0006173253476539057
NV,Mountain,355,36,0.0006104470707998232
VA,South Central,348,35,0.0005984100863051788
OH,Midwest,346,49,0.0005949709478781375
OH,Mid-Atlantic,345,55,0.000593251378664617
WI,Midwest,331,39,0.0005691774096753281
AR,West Coast,331,15,0.0005691774096753281
MA,Midwest,323,45,0.0005554208559671631
MA,Southeast,320,51,0.0005502621483266013
NV,South Central,310,37,0.0005330664561913949
KY,Midwest,309,21,0.0005313468869778743
IN,Mountain,301,38,0.0005175903332697093
WI,Mountain,299,31,0.0005141511948426681
WA,South Central,294,41,0.0005055533487750649
MI,Southeast,293,33,0.0005038337795615442
RI,Southeast,293,11,0.0005038337795615442
NV,Mid-Atlantic,290,34,0.0004986750719209824
AZ,Midwest,289,35,0.0004969555027074617
IN,Midwest,282,32,0.0004849185182128173
MI,Mid-Atlantic,278,35,0.0004780402413587348
KS,Midwest,276,27,0.00047460110293169356
WA,Mountain,275,50,0.00047288153371817293
AR,Midwest,271,8,0.0004660032568640904
RI,Midwest,266,8,0.00045740541079648724
KS,West Coast,248,22,0.0004264531649531159
AZ,Southeast,248,34,0.0004264531649531159
AZ,Northeast,245,39,0.00042129445731255404
AR,Southeast,243,14,0.0004178553188855128
KS,Southeast,242,24,0.00041613574967199217
AZ,West Coast,238,36,0.00040925747281790966
NY,Northeast,236,59,0.0004058183343908684
DE,Midwest,234,50,0.00040237919596382716
MN,Southeast,234,18,0.00040237919596382716
CT,West Coast,230,26,0.0003955009191097446
RI,West Coast,227,8,0.0003903422114691827
MA,West Coast,226,36,0.0003886226422556621
AL,Midwest,218,14,0.0003748660885474971
MI,South Central,215,27,0.0003697073809069352
MN,West Coast,215,20,0.0003697073809069352
MN,Northeast,213,20,0.00036626824247989396
MA,Florida,211,37,0.00036282910405285266
IN,Florida,209,44,0.0003593899656258114
AZ,South Central,205,29,0.0003525116887717289
MI,Florida,196,27,0.00033703556585004327
MA,South Central,196,38,0.00033703556585004327
RI,Mid-Atlantic,187,5,0.0003215594429283576
MA,Mid-Atlantic,187,39,0.0003215594429283576
AR,South Central,185,7,0.00031812030450131633
MN,Midwest,184,18,0.0003164007352877957
RI,South Central,184,7,0.0003164007352877957
RI,Florida,184,7,0.0003164007352877957
AL,Northeast,183,12,0.0003146811660742751
KS,Mountain,182,23,0.00031296159686075445
CT,Southeast,181,28,0.0003112420276472338
CT,South Central,179,28,0.0003078028892201926
AZ,Florida,178,30,0.00030608332000667195
MO,South Central,178,28,0.00030608332000667195
OR,West Coast,177,36,0.0003043637507931513
DE,Southeast,175,46,0.00030092461236611
VA,Mountain,173,27,0.00029748547393906876
MN,South Central,171,19,0.0002940463355120275
AL,West Coast,169,20,0.00029060719708498626
CT,Midwest,168,29,0.00028888762787146564
WI,Florida,168,22,0.00028888762787146564
KS,Northeast,163,22,0.0002802897818038625
VA,Northeast,162,18,0.0002785702125903419
DE,West Coast,158,32,0.0002716919357362594
NC,Mid-Atlantic,157,47,0.0002699723665227387
AZ,Mid-Atlantic,152,29,0.00026137452045513557
CT,Florida,150,28,0.0002579353820280943
AL,Florida,149,12,0.0002562158128145737
NJ,Unknown,148,122,0.00025449624360105306
OR,Midwest,147,36,0.00025277667438753244
KS,Mid-Atlantic,146,19,0.0002510571051740118
MO,Southeast,146,30,0.0002510571051740118
AL,South Central,145,9,0.0002493375359604912
DE,Florida,145,38,0.0002493375359604912
NJ,Northeast,144,111,0.00024761796674697056
OK,West Coast,144,13,0.00024761796674697056
KS,South Central,140,22,0.00024073968989288803
MI,Mountain,137,27,0.00023558098225232615
KS,Florida,135,16,0.0002321418438252849
UT,Mountain,129,13,0.00022182442854416112
UT,Southeast,127,20,0.00021838529011711987
MO,Midwest,127,26,0.00021838529011711987
MN,Mid-Atlantic,123,16,0.00021150701326303734
AR,Florida,122,9,0.0002097874440495167
OR,Northeast,119,31,0.00020462873640895483
GA,Unknown,119,79,0.00020462873640895483
RI,Mountain,114,5,0.00019603089034135168
MO,Northeast,113,27,0.00019431132112783105
DE,South Central,112,31,0.00019259175191431042
OR,Southeast,112,29,0.00019259175191431042
AL,Mid-Atlantic,111,12,0.0001908721827007898
UT,Midwest,110,16,0.00018915261348726917
UT,Florida,109,13,0.00018743304427374855
AR,Mountain,104,8,0.0001788351982061454
MO,West Coast,102,18,0.00017539605977910414
MN,Florida,101,15,0.0001736764905655835
MA,Mountain,99,26,0.00017023735213854226
OK,Midwest,98,12,0.00016851778292502163
MI,Midwest,96,21,0.00016507864449798036
CT,Mountain,95,21,0.00016335907528445973
AZ,Mountain,91,22,0.00015648079843037723
OR,Florida,90,29,0.0001547612292168566
DE,Mountain,82,22,0.00014100467550869157
MN,Mountain,82,11,0.00014100467550869157
TX,Unknown,77,46,0.0001324068294410884
OR,South Central,76,27,0.00013068726022756778
AL,Southeast,74,15,0.00012724812180052653
IL,Unknown,69,29,0.00011865027573292339
UT,Northeast,68,12,0.00011693070651940276
IA,Southeast,67,10,0.00011521113730588214
UT,Mid-Atlantic,67,13,0.00011521113730588214
IA,South Central,67,7,0.00011521113730588214
MO,Mountain,66,16,0.0001134915680923615
OR,Mountain,64,29,0.00011005242966532025
PA,Mid-Atlantic,64,33,0.00011005242966532025
OR,Mid-Atlantic,62,27,0.00010661329123827898
UT,South Central,62,11,0.00010661329123827898
MO,Mid-Atlantic,62,15,0.00010661329123827898
CO,Northeast,61,14,0.00010489372202475835
CO,Midwest,61,17,0.00010489372202475835
IA,West Coast,61,10,0.00010489372202475835
IA,Mountain,60,6,0.00010317415281123773
OK,Southeast,59,14,0.0001014545835977171
CO,Southeast,56,14,9.629587595715521e-05
OK,Northeast,56,6,9.629587595715521e-05
TN,Unknown,53,22,9.113716831659332e-05
MO,Florida,52,17,8.94175991030727e-05
CO,West Coast,49,12,8.425889146251082e-05
AR,Northeast,47,7,8.081975303546955e-05
IA,Northeast,46,8,7.910018382194893e-05
IA,Midwest,45,7,7.73806146084283e-05
PA,Northeast,42,7,7.222190696786641e-05
CO,Mid-Atlantic,41,16,7.050233775434578e-05
OK,Mountain,41,10,7.050233775434578e-05
RI,Northeast,40,3,6.878276854082516e-05
NY,Unknown,38,23,6.534363011378389e-05
OK,Florida,38,6,6.534363011378389e-05
OK,Mid-Atlantic,37,9,6.362406090026327e-05
AR,Mid-Atlantic,36,11,6.190449168674264e-05
IA,Mid-Atlantic,35,7,6.018492247322201e-05
CT,Mid-Atlantic,34,14,5.846535325970138e-05
PA,Unknown,32,23,5.502621483266012e-05
FL,Florida,31,19,5.330664561913949e-05
CO,South Central,24,9,4.126966112449509e-05
AL,Mountain,23,7,3.955009191097446e-05
CO,Florida,23,9,3.955009191097446e-05
OK,South Central,22,10,3.783052269745384e-05
ID,West Coast,22,2,3.783052269745384e-05
MA,Northeast,22,12,3.783052269745384e-05
OH,Unknown,20,10,3.439138427041258e-05
NE,Southeast,20,4,3.439138427041258e-05
NE,Midwest,19,2,3.2671815056891946e-05
CO,Mountain,18,11,3.095224584337132e-05
NE,Northeast,16,3,2.751310741633006e-05
MT,West Coast,16,12,2.751310741633006e-05
IA,Florida,14,2,2.4073968989288803e-05
MD,Unknown,13,12,2.2354399775768174e-05
FL,Unknown,13,9,2.2354399775768174e-05
LA,Southeast,13,5,2.2354399775768174e-05
NV,Unknown,12,8,2.0634830562247544e-05
NE,South Central,11,3,1.891526134872692e-05
MS,Unknown,11,6,1.891526134872692e-05
NE,Mid-Atlantic,11,4,1.891526134872692e-05
NE,West Coast,11,3,1.891526134872692e-05
NH,Southeast,10,5,1.719569213520629e-05
IN,Unknown,10,5,1.719569213520629e-05
WI,Unknown,9,6,1.547612292168566e-05
NH,Florida,9,3,1.547612292168566e-05
NH,West Coast,9,6,1.547612292168566e-05
NC,Unknown,8,6,1.375655370816503e-05
SC,Unknown,8,3,1.375655370816503e-05
SD,Northeast,7,2,1.2036984494644401e-05
KY,Unknown,7,4,1.2036984494644401e-05
VA,Unknown,7,6,1.2036984494644401e-05
LA,Northeast,6,3,1.0317415281123772e-05
NM,Midwest,6,2,1.0317415281123772e-05
LA,South Central,6,4,1.0317415281123772e-05
CT,Northeast,6,5,1.0317415281123772e-05
UT,Unknown,5,1,8.597846067603145e-06
WA,Unknown,5,4,8.597846067603145e-06
MT,Midwest,4,3,6.878276854082515e-06
SD,Southeast,4,3,6.878276854082515e-06
ID,Midwest,4,2,6.878276854082515e-06
CT,Unknown,4,3,6.878276854082515e-06
NH,Midwest,4,2,6.878276854082515e-06
KS,Unknown,4,3,6.878276854082515e-06
NH,Mid-Atlantic,4,3,6.878276854082515e-06
NE,Florida,4,3,6.878276854082515e-06
LA,Midwest,4,4,6.878276854082515e-06
NH,Mountain,3,2,5.158707640561886e-06
MA,Unknown,3,3,5.158707640561886e-06
MT,Northeast,3,2,5.158707640561886e-06
SD,Midwest,3,2,5.158707640561886e-06
ID,Mountain,3,2,5.158707640561886e-06
LA,West Coast,3,3,5.158707640561886e-06
AR,Unknown,3,1,5.158707640561886e-06
AZ,Unknown,2,2,3.4391384270412577e-06
NE,Mountain,2,1,3.4391384270412577e-06
MT,Mountain,2,2,3.4391384270412577e-06
NH,South Central,2,2,3.4391384270412577e-06
MT,Florida,2,1,3.4391384270412577e-06
VT,Midwest,2,1,3.4391384270412577e-06
MO,Unknown,2,2,3.4391384270412577e-06
DE,Mid-Atlantic,2,2,3.4391384270412577e-06
SD,Mid-Atlantic,2,1,3.4391384270412577e-06
NM,South Central,2,2,3.4391384270412577e-06
NM,West Coast,2,1,3.4391384270412577e-06
MT,Southeast,2,2,3.4391384270412577e-06
LA,Mid-Atlantic,2,1,3.4391384270412577e-06
SD,South Central,2,2,3.4391384270412577e-06
VT,South Central,1,1,1.7195692135206288e-06
VT,Mid-Atlantic,1,1,1.7195692135206288e-06
MN,Unknown,1,1,1.7195692135206288e-06
LA,Florida,1,1,1.7195692135206288e-06
MI,Unknown,1,1,1.7195692135206288e-06
ME,West Coast,1,1,1.7195692135206288e-06
NH,Northeast,1,1,1.7195692135206288e-06
MD,Northeast,1,1,1.7195692135206288e-06
ME,Mid-Atlantic,1,1,1.7195692135206288e-06
ME,South Central,1,1,1.7195692135206288e-06
ME,Southeast,1,1,1.7195692135206288e-06
CO,Unknown,1,1,1.7195692135206288e-06
ID,Southeast,1,1,1.7195692135206288e-06
ID,Florida,1,1,1.7195692135206288e-06
IA,Unknown,1,1,1.7195692135206288e-06
DE,Northeast,1,1,1.7195692135206288e-06
DE,Unknown,1,1,1.7195692135206288e-06
SD,West Coast,1,1,1.7195692135206288e-06
WV,West Coast,1,1,1.7195692135206288e-06
