candidate_bucket,supplier_id,su_name,own_state,city_name,postal_code,address_1,assigned_induction_hub_name,assigned_station_state,actual_induction_hub_name,actual_induction_hub_state,destination_state,destination_zipcode,distance_assignedhub_customer,distance_actualhub_customer,distance_assignedhub_actualhub,direct_gain,inducted_on_time_or_early,delivery_rel,purchase_order_number,tracking_number,ops,promised_delivery_end_range_date_at_order
direct,22696,Surya GA 30184 (1 Surya Dr),GA,White,30184,1 Surya Drive,MARIETTA LOCAL,GA,Phoenix,AZ,AZ,86004,1697.6,169.3,1868.8,0.9002709707822809,1,1,658146754,872220017872,11381770476,2026-08-10
direct,22696,Surya GA 30184 (1 Surya Dr),GA,White,30184,1 Surya Drive,MARIETTA LOCAL,GA,Northern Kentucky,KY,IL,60441,701.8,320.3,438.8,0.543602165859219,0,1,672030072,875292960327,80181171850,2026-08-07
direct,22696,Surya GA 30184 (1 Surya Dr),GA,White,30184,1 Surya Drive,SAVANNAH,GA,Chattanooga,TN,OH,45415,721.4,415.0,361.0,0.4247296922650402,1,1,671455217,875202605198,80174511170,2026-08-05
direct,22696,Surya GA 30184 (1 Surya Dr),GA,White,30184,1 Surya Drive,HAGERSTOWN,MD,Marietta,GA,GA,30064,650.5,11.6,658.0,0.9821675634127593,1,1,671945271,875274676395,80180296250,2026-08-05
direct,22696,Surya GA 30184 (1 Surya Dr),GA,White,30184,1 Surya Drive,MARIETTA LOCAL,GA,North Portland Rsf,OR,WA,98104,2640.6,170.3,2575.9,0.9355070817238506,1,1,649711409,872627733461,11327195766,2026-08-03
direct,34657,Unique Loom SC29707,SC,Fort Mill,29707,793 Fort Mill Highway,FRESNO,CA,Fort Mill,SC,IL,60646,2138.6,795.8,2543.5,0.6278874029739082,1,1,671296850,382924018220,80173624030,2026-08-06
direct,34657,Unique Loom SC29707,SC,Fort Mill,29707,793 Fort Mill Highway,FRESNO,CA,Fort Mill,SC,IL,60646,2138.6,795.8,2543.5,0.6278874029739082,1,1,671296850,382924018220,80173624040,2026-08-06
direct,34657,Unique Loom SC29707,SC,Fort Mill,29707,793 Fort Mill Highway,ROMEOVILLE NCPC,IL,Fort Mill,SC,FL,34243,1237.2,607.9,793.5,0.508648561267378,1,1,670139446,382824844009,80161718580,2026-07-30
direct,34657,Unique Loom SC29707,SC,Fort Mill,29707,793 Fort Mill Highway,FORT MILL,SC,Greenwood,IN,IL,60462,780.5,194.1,582.0,0.751313260730301,1,1,658663969,381650819849,12224840679,2026-07-16
direct,34657,Unique Loom SC29707,SC,Fort Mill,29707,793 Fort Mill Highway,FORT MILL,SC,Mesquite,TX,OK,73071,1097.2,202.9,1028.8,0.8150747356908494,1,1,660132301,381799233872,12244324609,2026-07-16
direct,35069,JLA Home GA 31407 - SV2,GA,Port Wentworth,31407,550 Northport Pkwy,SAVANNAH,GA,West Columbus,OH,IL,60108,980.8,328.7,702.2,0.6648654159869494,1,1,672249659,875400899330,80183527540,2026-08-09
direct,35069,JLA Home GA 31407 - SV2,GA,Port Wentworth,31407,550 Northport Pkwy,SAVANNAH,GA,West Columbus,OH,IL,60108,980.8,328.7,702.2,0.6648654159869494,1,1,672249659,875400899330,80183527550,2026-08-09
direct,35069,JLA Home GA 31407 - SV2,GA,Port Wentworth,31407,550 Northport Pkwy,HAGERSTOWN,MD,Savannah,GA,FL,32935,939.5,303.4,636.7,0.6770622671633848,1,1,671637535,875221338554,80176533680,2026-08-05
direct,35069,JLA Home GA 31407 - SV2,GA,Port Wentworth,31407,550 Northport Pkwy,HAGERSTOWN,MD,Savannah,GA,GA,31024,653.2,178.2,636.7,0.7271892222902634,1,1,671870908,875285860837,80178566100,2026-08-05
direct,35069,JLA Home GA 31407 - SV2,GA,Port Wentworth,31407,550 Northport Pkwy,SAVANNAH,GA,Woodbridge,NJ,NY,11730,866.7,81.1,781.9,0.9064266758970808,1,1,671237477,875139045167,80173016810,2026-08-03
direct,36423,NFusion GA 31407,GA,Savannah,31407,425 Jimmy Deloach Parkway,INDUSTRY,CA,Ocala,FL,KY,41094,2139.3,801.8,2398.5,0.6252045061468705,0,1,671972562,875282468757,80180589160,2026-08-10
direct,36423,NFusion GA 31407,GA,Savannah,31407,425 Jimmy Deloach Parkway,ARCADIA,CA,Richmond Hill Ncpc,GA,FL,33140,2718.4,470.4,2403.2,0.8269570335491465,1,1,672241126,875397563363,80183438300,2026-08-09
direct,36423,NFusion GA 31407,GA,Savannah,31407,425 Jimmy Deloach Parkway,CHINO LOCAL,CA,Richmond Hill Ncpc,GA,VA,23223,2587.4,483.1,2389.7,0.8132874700471516,0,0,672251430,875397603441,80183545970,2026-08-09
direct,36423,NFusion GA 31407,GA,Savannah,31407,425 Jimmy Deloach Parkway,CHINO LOCAL,CA,Richmond Hill Ncpc,GA,MI,49690,2290.4,1106.8,2389.7,0.5167656304575621,1,0,671616375,875217119664,80176930310,2026-08-06
direct,36423,NFusion GA 31407,GA,Savannah,31407,425 Jimmy Deloach Parkway,CHINO LOCAL,CA,Richmond Hill Ncpc,GA,FL,33180,2684.9,458.7,2389.7,0.8291556482550562,1,1,670951746,875080348240,80170070210,2026-08-05
direct,44034,Wexford Home IL,IL,WILLOWBROOK ,60527 ,7409 S QUNICY,SOUTH RIALTO - NCPC,CA,Mccook,IL,MI,48439,2235.1,289.6,1957.9,0.8704308532056731,1,0,670980954,531306534137,80170372980,2026-08-04
direct,44034,Wexford Home IL,IL,WILLOWBROOK ,60527 ,7409 S QUNICY,BEDFORD PARK,IL,Hagerstown,MD,MD,20736,735.4,101.4,636.8,0.8621158553168344,1,1,669899051,531302295282,80159234460,2026-08-03
direct,44034,Wexford Home IL,IL,WILLOWBROOK ,60527 ,7409 S QUNICY,BEDFORD PARK,IL,Hagerstown,MD,MD,20736,735.4,101.4,636.8,0.8621158553168344,1,1,669899051,531302295282,80159234470,2026-08-03
direct,44034,Wexford Home IL,IL,WILLOWBROOK ,60527 ,7409 S QUNICY,SOUTH RIALTO - NCPC,CA,Mccook,IL,VA,22301,2623.6,714.9,1957.9,0.7275118158255831,0,0,670513714,531305430691,80165566210,2026-08-03
direct,44034,Wexford Home IL,IL,WILLOWBROOK ,60527 ,7409 S QUNICY,OLIVE BRANCH,MS,Mccook,IL,MI,48307,767.9,312.4,550.8,0.5931761948170334,1,0,670483382,531303710515,80165256160,2026-08-01
direct,59119,Safavieh CA 92518,CA,Riverside,92518,20800 Krameria Aveune,SAVANNAH,GA,Rialto,CA,ID,83644,2453.6,815.4,2380.1,0.6676719921747636,1,1,672422866,875436124528,80185372650,2026-08-08
direct,59119,Safavieh CA 92518,CA,Riverside,92518,20800 Krameria Aveune,SAVANNAH,GA,Rialto,CA,CA,92081,2411.4,76.4,2380.1,0.968317160155926,1,1,671363183,875205874858,80174333760,2026-08-07
direct,59119,Safavieh CA 92518,CA,Riverside,92518,20800 Krameria Aveune,BAYTOWN,TX,Rialto,CA,WA,99362,2215.5,1021.9,1521.5,0.5387497178966373,1,1,668712291,874579707873,11447938686,2026-07-22
direct,59119,Safavieh CA 92518,CA,Riverside,92518,20800 Krameria Aveune,BAYTOWN,TX,Rialto,CA,OR,97444,2355.6,836.6,1521.5,0.6448463236542707,1,1,668683711,874578706377,11448764046,2026-07-22
direct,59119,Safavieh CA 92518,CA,Riverside,92518,20800 Krameria Aveune,BAYTOWN,TX,Rialto,CA,OR,97444,2355.6,836.6,1521.5,0.6448463236542707,1,1,668683711,874578706377,11448764666,2026-07-22
direct,59806,DesignArt Inc. NY,NY,Champlain,12919,156 Lawrence Paquette Dr,SOUTH RIALTO - NCPC,CA,Plattsburgh,NY,WI,54476,2060.6,1178.8,2812.7,0.4279336115694458,1,1,669920501,382875985745,80159442670,2026-07-31
direct,59806,DesignArt Inc. NY,NY,Champlain,12919,156 Lawrence Paquette Dr,SOUTH RIALTO - NCPC,CA,Plattsburgh,NY,IN,46808,2108.8,732.1,2812.7,0.6528357359635812,1,1,668377184,382701644227,12347741249,2026-07-23
direct,59806,DesignArt Inc. NY,NY,Champlain,12919,156 Lawrence Paquette Dr,ROMEOVILLE NCPC,IL,Plattsburgh,NY,PA,19121,776.8,388.5,911.6,0.4998712667353244,1,0,667800829,382620770403,80145628880,2026-07-16
direct,59806,DesignArt Inc. NY,NY,Champlain,12919,156 Lawrence Paquette Dr,SAVANNAH,GA,Plattsburgh,NY,NY,11795,860.7,348.8,1104.2,0.5947484605553619,1,0,665442370,382409319882,12381198201,2026-07-03
direct,59806,DesignArt Inc. NY,NY,Champlain,12919,156 Lawrence Paquette Dr,SAVANNAH,GA,Plattsburgh,NY,PA,19015,703.0,404.4,1104.2,0.4247510668563301,1,0,663870269,382252510120,12377678335,2026-06-25
direct,155962,Compamia FL 33147,FL,Miami,33147,7000 N W 32 AVE,MEDLEY,FL,West Dallas Ncpc,TX,TX,78702,1336.4,194.8,1305.7,0.8542352589045197,1,1,659244205,872846271390,12232930629,2026-07-18
direct,155962,Compamia FL 33147,FL,Miami,33147,7000 N W 32 AVE,MEDLEY,FL,Olive Branch,MS,LA,71106,1117.2,375.9,949.6,0.6635338345864662,1,1,658200537,872846431440,12220957969,2026-07-12
direct,155962,Compamia FL 33147,FL,Miami,33147,7000 N W 32 AVE,MEDLEY,FL,Murfreesboro,TN,TN,37203,904.9,34.7,873.4,0.9616532213504254,1,1,655150478,872713293389,12181658602,2026-07-01
direct,155962,Compamia FL 33147,FL,Miami,33147,7000 N W 32 AVE,MEDLEY,FL,Stockton Rsf,CA,CA,95223,3093.1,79.2,3053.8,0.9743946202838577,1,1,661260447,872862693932,11401504876,2026-06-18
direct,155962,Compamia FL 33147,FL,Miami,33147,7000 N W 32 AVE,MEDLEY,FL,Stockton Rsf,CA,CA,95223,3093.1,79.2,3053.8,0.9743946202838577,1,1,661260447,872862694490,11402830506,2026-06-18
direct,211658,WPLA4,CA,Fontana,92337,13083 Slover Ave,BAYTOWN,TX,West Rialto,CA,AZ,85379,1232.9,310.0,1521.5,0.7485603049720172,1,1,667188005,531284163307,11438635726,2026-07-16
direct,211658,WPLA4,CA,Fontana,92337,13083 Slover Ave,SAVANNAH,GA,Arcadia,CA,CA,90032,2419.9,19.4,2402.9,0.9919831397991652,0,1,666568972,531281270530,11434837726,2026-07-10
direct,211658,WPLA4,CA,Fontana,92337,13083 Slover Ave,WEST RIALTO,CA,Romeoville Rsf,IL,IL,60154,1958.9,21.3,1955.5,0.9891265506151412,1,1,661576407,526530432393,12338547062,2026-06-18
direct,211658,WPLA4,CA,Fontana,92337,13083 Slover Ave,WEST RIALTO,CA,New Brighton Ncpc,MN,MN,55376,1911.0,27.6,1896.6,0.9855572998430142,1,1,661416553,526529628760,12201862843,2026-06-17
direct,211658,WPLA4,CA,Fontana,92337,13083 Slover Ave,WEST RIALTO,CA,Williamsburg Ncpc,FL,FL,34787,2441.6,17.2,2454.4,0.9929554390563565,1,1,661432346,526529688550,12316488271,2026-06-17
direct,237104,Devion Furniture,CA,Ontario,91761,4422 E Airport Drive,CHINO LOCAL,CA,Toledo,OH,MI,48092,2261.6,83.4,2208.7,0.9631234524230633,1,1,661400363,526529622096,12202995773,2026-06-18
direct,237104,Devion Furniture,CA,Ontario,91761,4422 E Airport Drive,CHINO LOCAL,CA,Toledo,OH,MI,48092,2261.6,83.4,2208.7,0.9631234524230633,1,1,661400363,526529622100,12202995793,2026-06-18
direct,237104,Devion Furniture,CA,Ontario,91761,4422 E Airport Drive,CHINO LOCAL,CA,Toledo,OH,MI,48092,2261.6,83.4,2208.7,0.9631234524230633,1,1,661400363,526529622100,12202995803,2026-06-18
direct,237104,Devion Furniture,CA,Ontario,91761,4422 E Airport Drive,CHINO LOCAL,CA,Toledo,OH,MI,48314,2268.6,91.6,2208.7,0.9596226747773958,1,1,661175471,526528830370,12259229519,2026-06-18
direct,237104,Devion Furniture,CA,Ontario,91761,4422 E Airport Drive,CHINO LOCAL,CA,Toledo,OH,MI,48314,2268.6,91.6,2208.7,0.9596226747773958,1,1,661175471,526528830370,12259229529,2026-06-18
direct,253370,Edecor Center Inc._1 NJ 08110,NJ,Pennsauken,08110,1050 Thomas Busch Memorial Highway,CAMDEN,NJ,Chino Hills Ncpc,CA,CA,94602,2880.4,411.9,2700.5,0.8569990279127898,1,1,669645195,531295327529,11454115776,2026-07-30
direct,253370,Edecor Center Inc._1 NJ 08110,NJ,Pennsauken,08110,1050 Thomas Busch Memorial Highway,CAMDEN,NJ,Chino Hills Ncpc,CA,CA,94602,2880.4,411.9,2700.5,0.8569990279127898,1,1,669645195,531295327529,11454137376,2026-07-30
direct,253370,Edecor Center Inc._1 NJ 08110,NJ,Pennsauken,08110,1050 Thomas Busch Memorial Highway,CAMDEN,NJ,Chino Hills Ncpc,CA,UT,84004,2178.2,632.2,2700.5,0.7097603525847029,1,1,669641457,531295284544,11456329826,2026-07-29
direct,253370,Edecor Center Inc._1 NJ 08110,NJ,Pennsauken,08110,1050 Thomas Busch Memorial Highway,CAMDEN,NJ,Chino Hills Ncpc,CA,ID,83402,2227.9,867.8,2700.5,0.610485210287715,1,1,669660167,531295455863,80156726100,2026-07-29
direct,253370,Edecor Center Inc._1 NJ 08110,NJ,Pennsauken,08110,1050 Thomas Busch Memorial Highway,CAMDEN,NJ,Chino Hills Ncpc,CA,OR,97045,2883.2,996.0,2700.5,0.654550499445061,0,0,669556106,531294707500,80155661010,2026-07-28
direct,291275, 美南SAV自营仓,GA,Savannah,31407,150 Knowlton Way Savannah,PRINCETON,NJ,Richmond Hill Ncpc,GA,AL,36116,997.3,333.2,784.8,0.6658979243958688,1,0,672306406,531307896048,80184151620,2026-08-10
direct,291275, 美南SAV自营仓,GA,Savannah,31407,150 Knowlton Way Savannah,OLIVE BRANCH LOCAL,MS,Richmond Hill Ncpc,GA,NC,28673,612.8,298.7,609.3,0.512565274151436,1,1,672393613,531308670370,80185062500,2026-08-10
direct,291275, 美南SAV自营仓,GA,Savannah,31407,150 Knowlton Way Savannah,OLIVE BRANCH LOCAL,MS,Richmond Hill Ncpc,GA,NC,28673,612.8,298.7,609.3,0.512565274151436,1,1,672393613,531308670380,80185062510,2026-08-10
direct,291275, 美南SAV自营仓,GA,Savannah,31407,150 Knowlton Way Savannah,OLIVE BRANCH LOCAL,MS,Richmond Hill Ncpc,GA,FL,32835,732.3,265.8,609.3,0.637034002458009,1,1,672430032,531308673324,80185452510,2026-08-10
direct,291275, 美南SAV自营仓,GA,Savannah,31407,150 Knowlton Way Savannah,PRINCETON,NJ,West Savannah  Ncpc,GA,NC,28461,592.9,263.0,770.2,0.5564176083656603,1,0,672434467,531308673493,80185499690,2026-08-10
direct,292469,Baishi NJ 08810 Bedshe,NJ,Dayton ,08810,11 Corn Rd ,ROMEOVILLE NCPC,IL,Princeton,NJ,VA,23321,901.4,332.1,810.3,0.6315731084978922,1,0,672581083,531308955367,80187051310,2026-08-10
direct,292469,Baishi NJ 08810 Bedshe,NJ,Dayton ,08810,11 Corn Rd ,SOUTH RIALTO - NCPC,CA,East Brunswick,NJ,OH,44028,2282.7,474.0,2727.3,0.7923511630963332,1,1,669918512,531296358579,80159265790,2026-07-31
direct,292469,Baishi NJ 08810 Bedshe,NJ,Dayton ,08810,11 Corn Rd ,SAVANNAH,GA,East Brunswick,NJ,PA,19078,706.7,78.6,783.6,0.8887788311872081,1,1,670796298,531300742967,12474725735,2026-07-30
direct,292469,Baishi NJ 08810 Bedshe,NJ,Dayton ,08810,11 Corn Rd ,SAVANNAH,GA,East Brunswick,NJ,PA,15239,749.2,350.7,783.6,0.5319006940736787,1,0,670768555,531300588698,80165512400,2026-07-29
direct,292469,Baishi NJ 08810 Bedshe,NJ,Dayton ,08810,11 Corn Rd ,WEST DALLAS NCPC,TX,East Brunswick,NJ,NY,10002,1569.9,44.1,1538.0,0.9719090387922799,1,1,668618932,531290336988,12422207471,2026-07-21
direct,293214,CIAO JING INC CA 92879 ,CA,Corona,92879 ,2565 Sampson Ave ,WEST RIALTO,CA,Hagerstown,MD,MD,21060,2611.6,78.0,2536.5,0.9701332516465002,1,1,661408368,526529592001,12312883102,2026-06-18
direct,293214,CIAO JING INC CA 92879 ,CA,Corona,92879 ,2565 Sampson Ave ,WEST RIALTO,CA,Hagerstown,MD,MD,21060,2611.6,78.0,2536.5,0.9701332516465002,1,1,661408368,526529592012,12312883132,2026-06-18
direct,293214,CIAO JING INC CA 92879 ,CA,Corona,92879 ,2565 Sampson Ave ,WEST RIALTO,CA,Hagerstown,MD,MD,21060,2611.6,78.0,2536.5,0.9701332516465002,1,1,661408368,526529591998,12312883142,2026-06-18
direct,293214,CIAO JING INC CA 92879 ,CA,Corona,92879 ,2565 Sampson Ave ,WEST RIALTO,CA,Hagerstown,MD,MD,21060,2611.6,78.0,2536.5,0.9701332516465002,1,1,661408368,526529591998,12312883152,2026-06-18
direct,293214,CIAO JING INC CA 92879 ,CA,Corona,92879 ,2565 Sampson Ave ,WEST RIALTO,CA,Lehigh Valley,PA,NY,13021,2627.0,209.5,2666.7,0.9202512371526456,1,1,661384706,526529520517,12324372731,2026-06-18
direct,302333,NW Investment Inc TX 75041,TX,Garland,75041,3422 W Kingsley Rd,MESQUITE,TX,Columbus,OH,NC,28202,1017.3,429.4,1025.4,0.5779022903764868,0,0,671549575,531303865179,80176242960,2026-08-06
direct,302333,NW Investment Inc TX 75041,TX,Garland,75041,3422 W Kingsley Rd,MESQUITE,TX,Charlotte,NC,NC,28023,1048.1,37.3,1011.8,0.9644117927678657,1,1,671216884,531302613478,12433935321,2026-08-04
direct,302333,NW Investment Inc TX 75041,TX,Garland,75041,3422 W Kingsley Rd,SOUTH RIALTO - NCPC,CA,South Dallas Rsf,TX,IL,60607,1970.6,937.8,1385.7,0.5241043337054704,0,1,669897831,531296295044,80159223150,2026-07-31
direct,302333,NW Investment Inc TX 75041,TX,Garland,75041,3422 W Kingsley Rd,SOUTH RIALTO - NCPC,CA,South Dallas Rsf,TX,SD,57005,1641.0,861.9,1385.7,0.4747714808043876,0,0,670142122,531297037053,80161703870,2026-07-31
direct,302333,NW Investment Inc TX 75041,TX,Garland,75041,3422 W Kingsley Rd,SOUTH RIALTO - NCPC,CA,South Dallas Rsf,TX,MO,63026,1766.0,623.4,1385.7,0.6469988674971687,0,1,670268928,531297314083,80163073500,2026-07-31
direct,302637,"GigaCloud Trading, Inc. GA 31302",GA,Bloomingdale,31302,3001 Jimmy Deloach Parkway,SAVANNAH,GA,Olive Branch,MS,TX,76067,1112.7,561.9,609.6,0.4950121326503101,0,0,672248340,875397561084,80183512540,2026-08-10
direct,302637,"GigaCloud Trading, Inc. GA 31302",GA,Bloomingdale,31302,3001 Jimmy Deloach Parkway,SAVANNAH,GA,Davenport,FL,FL,33324,473.0,215.5,315.8,0.5443974630021141,0,1,672234203,875397935088,80183365730,2026-08-09
direct,302637,"GigaCloud Trading, Inc. GA 31302",GA,Bloomingdale,31302,3001 Jimmy Deloach Parkway,SAVANNAH,GA,Davenport,FL,FL,33334,464.0,210.7,315.8,0.5459051724137931,0,1,672238251,875397588551,80183408740,2026-08-09
direct,302637,"GigaCloud Trading, Inc. GA 31302",GA,Bloomingdale,31302,3001 Jimmy Deloach Parkway,SAVANNAH,GA,Davenport,FL,FL,33133,495.7,242.9,315.8,0.509985878555578,1,1,672276026,875397607388,80183819360,2026-08-09
direct,302637,"GigaCloud Trading, Inc. GA 31302",GA,Bloomingdale,31302,3001 Jimmy Deloach Parkway,SAVANNAH,GA,Olive Branch,MS,LA,70115,685.1,393.8,609.6,0.42519340242300396,0,1,672355964,875398308360,80184676730,2026-08-09
direct,350373,York Wallcoverings PA 17408,PA,York,17408,2075 Loucks Road,QUINCY,MA,Harrisburg,PA,OH,44131,666.2,326.6,405.1,0.5097568297808466,1,1,670721068,530762242852,80167727360,2026-07-31
direct,350373,York Wallcoverings PA 17408,PA,York,17408,2075 Loucks Road,HARRISBURG LOCAL,PA,North Portland Rsf,OR,WA,98371,2744.6,143.4,2773.4,0.9477519492822268,1,1,660733809,521610376105,11399534896,2026-06-17
direct,350373,York Wallcoverings PA 17408,PA,York,17408,2075 Loucks Road,HARRISBURG LOCAL,PA,Rialto,CA,CA,92663,2627.3,57.1,2580.4,0.9782666615917482,1,1,660971523,521610381284,11401121006,2026-06-17
direct,350373,York Wallcoverings PA 17408,PA,York,17408,2075 Loucks Road,HARRISBURG LOCAL,PA,Rialto,CA,CA,92057,2647.7,68.6,2580.4,0.9740907202477622,1,1,660982774,521610382096,11401257196,2026-06-17
direct,350373,York Wallcoverings PA 17408,PA,York,17408,2075 Loucks Road,HARRISBURG LOCAL,PA,Rialto,CA,CA,90713,2621.0,51.8,2580.4,0.9802365509347577,1,1,660985615,521610381480,11401277036,2026-06-17
ghost_warehouse,59119,Safavieh CA 92518,CA,Riverside,92518,20800 Krameria Aveune,RIALTO LOCAL,CA,Fairfield Annex,CA,NY,14456,2608.0,,448.7,,0,1,671655376,875267059534,12481999541,2026-08-10
ghost_warehouse,59119,Safavieh CA 92518,CA,Riverside,92518,20800 Krameria Aveune,RIALTO LOCAL,CA,Fairfield Annex,CA,FL,33413,2610.2,3057.6,448.7,-0.17140449007738875,1,1,671805638,875267370022,12483490941,2026-08-10
ghost_warehouse,59119,Safavieh CA 92518,CA,Riverside,92518,20800 Krameria Aveune,RIALTO LOCAL,CA,Fairfield Annex,CA,GA,30458,2340.3,2685.5,448.7,-0.14750245694996358,1,1,671933338,875272656508,12497778432,2026-08-10
ghost_warehouse,59119,Safavieh CA 92518,CA,Riverside,92518,20800 Krameria Aveune,RIALTO LOCAL,CA,Fairfield Annex,CA,FL,33432,2636.8,3083.1,448.7,-0.1692581917475727,1,1,672095825,875325596528,12500794152,2026-08-10
ghost_warehouse,59119,Safavieh CA 92518,CA,Riverside,92518,20800 Krameria Aveune,RIALTO LOCAL,CA,Fairfield Annex,CA,NY,12148,2772.3,,448.7,,1,1,671783266,875265097186,80178636940,2026-08-10
ghost_warehouse,155962,Compamia FL 33147,FL,Miami,33147,7000 N W 32 AVE,MEDLEY,FL,Williamsburg Ncpc,FL,NY,12501,1385.3,,234.0,,1,1,663267785,873432988430,12354148451,2026-08-07
ghost_warehouse,155962,Compamia FL 33147,FL,Miami,33147,7000 N W 32 AVE,MEDLEY,FL,Williamsburg Ncpc,FL,CA,94965,3107.4,2895.7,234.0,0.06812769517924962,1,1,670886229,875019592264,11465759456,2026-08-06
ghost_warehouse,155962,Compamia FL 33147,FL,Miami,33147,7000 N W 32 AVE,MEDLEY,FL,Williamsburg Ncpc,FL,WA,98166,3327.9,3116.2,234.0,0.06361369031521388,1,1,670786024,874987432533,80168385970,2026-08-06
ghost_warehouse,155962,Compamia FL 33147,FL,Miami,33147,7000 N W 32 AVE,MEDLEY,FL,Williamsburg Ncpc,FL,WA,98110,3391.4,3179.7,234.0,0.06242259833697006,1,1,670802183,874993923630,80168557920,2026-08-06
ghost_warehouse,155962,Compamia FL 33147,FL,Miami,33147,7000 N W 32 AVE,MEDLEY,FL,Williamsburg Ncpc,FL,CA,93292,2903.3,,234.0,,1,1,670805952,874995973010,80168598210,2026-08-06
ghost_warehouse,211658,WPLA4,CA,Fontana,92337,13083 Slover Ave,WEST RIALTO,CA,Fairfield Annex,CA,TX,77502,1509.8,1956.7,448.7,-0.2959994701284939,1,1,672427337,531308234624,12435738549,2026-08-10
ghost_warehouse,211658,WPLA4,CA,Fontana,92337,13083 Slover Ave,WEST RIALTO,CA,Fairfield Annex,CA,VA,23236,2573.7,2819.6,448.7,-0.09554338112445122,1,1,671918056,531305750614,80180029100,2026-08-10
ghost_warehouse,211658,WPLA4,CA,Fontana,92337,13083 Slover Ave,WEST RIALTO,CA,Fairfield Annex,CA,AL,36523,1948.6,,448.7,,1,0,671982710,531305922090,80180689850,2026-08-10
ghost_warehouse,211658,WPLA4,CA,Fontana,92337,13083 Slover Ave,WEST RIALTO,CA,Fairfield Annex,CA,NC,28409,2551.9,2896.8,448.7,-0.13515419883224267,1,1,671988635,531306055017,80180748690,2026-08-10
ghost_warehouse,211658,WPLA4,CA,Fontana,92337,13083 Slover Ave,WEST RIALTO,CA,Fairfield Annex,CA,NY,11980,2810.6,2920.4,448.7,-0.03906639151782544,1,1,672004724,531306144550,80180914050,2026-08-10
ghost_warehouse,253370,Edecor Center Inc._1 NJ 08110,NJ,Pennsauken,08110,1050 Thomas Busch Memorial Highway,CAMDEN,NJ,Diamond Bar Rsf,CA,CA,92620,2727.3,31.2,2704.9,0.988560114398856,1,1,672382873,531308011271,11160503956,2026-08-10
ghost_warehouse,253370,Edecor Center Inc._1 NJ 08110,NJ,Pennsauken,08110,1050 Thomas Busch Memorial Highway,CAMDEN,NJ,Diamond Bar Rsf,CA,AZ,85016,2406.8,347.7,2704.9,0.8555343194282866,1,1,672381775,531308011054,11476578736,2026-08-10
ghost_warehouse,253370,Edecor Center Inc._1 NJ 08110,NJ,Pennsauken,08110,1050 Thomas Busch Memorial Highway,CAMDEN,NJ,South Dallas Rsf,TX,MN,55362,1224.0,986.2,1478.5,0.19428104575163396,1,1,672370389,531307907553,12369663293,2026-08-10
ghost_warehouse,253370,Edecor Center Inc._1 NJ 08110,NJ,Pennsauken,08110,1050 Thomas Busch Memorial Highway,CAMDEN,NJ,South Dallas Rsf,TX,MN,55125,1172.9,953.2,1478.5,0.18731349646176146,0,0,672466823,531308349994,12371408913,2026-08-10
ghost_warehouse,253370,Edecor Center Inc._1 NJ 08110,NJ,Pennsauken,08110,1050 Thomas Busch Memorial Highway,CAMDEN,NJ,South Dallas Rsf,TX,WI,54601,1059.8,975.4,1478.5,0.079637667484431,0,0,672492864,531308387193,12436834999,2026-08-10
ghost_warehouse,293214,CIAO JING INC CA 92879 ,CA,Corona,92879 ,2565 Sampson Ave ,WEST RIALTO,CA,Fairfield Annex,CA,IL,60615,1985.9,2095.7,448.7,-0.05528979304093848,1,1,671567910,531304238966,12350127113,2026-08-10
ghost_warehouse,293214,CIAO JING INC CA 92879 ,CA,Corona,92879 ,2565 Sampson Ave ,MISSOULA,MT,Fairfield Annex,CA,KS,66046,1401.3,1777.9,937.4,-0.2687504460144153,0,1,670634050,531300677307,80166818970,2026-08-10
ghost_warehouse,293214,CIAO JING INC CA 92879 ,CA,Corona,92879 ,2565 Sampson Ave ,MISSOULA,MT,Fairfield Annex,CA,KS,66046,1401.3,1777.9,937.4,-0.2687504460144153,0,1,670634050,531300677318,80166818990,2026-08-10
ghost_warehouse,293214,CIAO JING INC CA 92879 ,CA,Corona,92879 ,2565 Sampson Ave ,MISSOULA,MT,Fairfield Annex,CA,KS,66046,1401.3,1777.9,937.4,-0.2687504460144153,0,1,670634050,531300677318,80166819010,2026-08-10
ghost_warehouse,293214,CIAO JING INC CA 92879 ,CA,Corona,92879 ,2565 Sampson Ave ,MISSOULA,MT,Fairfield Annex,CA,KS,66046,1401.3,1777.9,937.4,-0.2687504460144153,0,1,670634050,531300677281,80166819020,2026-08-10
ghost_warehouse,302637,"GigaCloud Trading, Inc. GA 31302",GA,Bloomingdale,31302,3001 Jimmy Deloach Parkway,SAVANNAH,GA,Williamsburg Ncpc,FL,CA,90094,2442.2,,291.4,,1,1,671673964,875217152549,80177515440,2026-08-10
ghost_warehouse,302637,"GigaCloud Trading, Inc. GA 31302",GA,Bloomingdale,31302,3001 Jimmy Deloach Parkway,SAVANNAH,GA,Williamsburg Ncpc,FL,TX,79762,1382.1,,291.4,,1,1,672201145,875345069143,80182932990,2026-08-10
ghost_warehouse,302637,"GigaCloud Trading, Inc. GA 31302",GA,Bloomingdale,31302,3001 Jimmy Deloach Parkway,SAVANNAH,GA,Williamsburg Ncpc,FL,TX,79602,1220.1,,291.4,,1,1,672213774,875397594410,80183153150,2026-08-10
ghost_warehouse,302637,"GigaCloud Trading, Inc. GA 31302",GA,Bloomingdale,31302,3001 Jimmy Deloach Parkway,SAVANNAH,GA,Williamsburg Ncpc,FL,WI,54212,1231.4,,291.4,,1,0,672225383,875397588150,80183272810,2026-08-10
ghost_warehouse,302637,"GigaCloud Trading, Inc. GA 31302",GA,Bloomingdale,31302,3001 Jimmy Deloach Parkway,SAVANNAH,GA,Williamsburg Ncpc,FL,IN,46723,832.1,,291.4,,1,1,672261716,875397606429,80183670180,2026-08-10
jumbo,22696,Surya GA 30184 (1 Surya Dr),GA,White,30184,1 Surya Drive,SAVANNAH,GA,South Atlanta Ncpc,GA,TX,76088,1085.4,864.9,231.9,0.20315091210613606,1,1,672592362,875486069320,80186097450,2026-08-10
jumbo,22696,Surya GA 30184 (1 Surya Dr),GA,White,30184,1 Surya Drive,SAVANNAH,GA,South Atlanta Ncpc,GA,LA,70812,733.1,530.3,231.9,0.2766334742872733,1,0,672413769,875430642382,80184492440,2026-08-08
jumbo,22696,Surya GA 30184 (1 Surya Dr),GA,White,30184,1 Surya Drive,SAVANNAH,GA,South Atlanta Ncpc,GA,VA,20155,569.8,600.2,231.9,-0.053352053352053515,1,1,672413925,875430697816,80185039390,2026-08-08
jumbo,22696,Surya GA 30184 (1 Surya Dr),GA,White,30184,1 Surya Drive,SAVANNAH,GA,South Atlanta Ncpc,GA,FL,33990,446.3,565.4,231.9,-0.26686085592650677,1,0,672592247,875486134924,80185279240,2026-08-08
jumbo,22696,Surya GA 30184 (1 Surya Dr),GA,White,30184,1 Surya Drive,SAVANNAH,GA,Chattanooga,TN,CA,92691,2416.3,2136.2,361.0,0.11592103629516216,1,0,671502960,875202595491,80175219780,2026-08-07
jumbo,34657,Unique Loom SC29707,SC,Fort Mill,29707,793 Fort Mill Highway,FRESNO,CA,Fort Mill,SC,TX,79424,1235.8,1384.2,2543.5,-0.1200841560122998,1,0,672476496,383045503253,80185949090,2026-08-10
jumbo,34657,Unique Loom SC29707,SC,Fort Mill,29707,793 Fort Mill Highway,FRESNO,CA,Fort Mill,SC,TX,77471,1737.9,,2543.5,,1,0,671339969,382941799372,80174093020,2026-08-04
jumbo,34657,Unique Loom SC29707,SC,Fort Mill,29707,793 Fort Mill Highway,FORT MILL,SC,Lenexa,KS,SD,57049,1255.4,,994.1,,1,1,659713231,381728980955,12180194793,2026-07-27
jumbo,34657,Unique Loom SC29707,SC,Fort Mill,29707,793 Fort Mill Highway,FORT MILL,SC,Portland,OR,WA,98908,2694.6,,2751.2,,1,1,661054391,381882043463,11387518806,2026-06-16
jumbo,34657,Unique Loom SC29707,SC,Fort Mill,29707,793 Fort Mill Highway,FORT MILL,SC,Salt Lake City,UT,MT,59937,2508.0,,2049.7,,1,1,661326034,381935829149,11403269336,2026-06-16
jumbo,35069,JLA Home GA 31407 - SV2,GA,Port Wentworth,31407,550 Northport Pkwy,SAVANNAH,GA,Chicago,IL,AL,35406,447.1,716.4,959.7,-0.6023261015432788,0,0,671397513,875237980586,80174691550,2026-08-05
jumbo,35069,JLA Home GA 31407 - SV2,GA,Port Wentworth,31407,550 Northport Pkwy,HAGERSTOWN,MD,Savannah,GA,NC,28104,425.8,257.1,636.7,0.396195396899953,1,1,671573716,875221313366,80175916060,2026-08-05
jumbo,35069,JLA Home GA 31407 - SV2,GA,Port Wentworth,31407,550 Northport Pkwy,HAGERSTOWN,MD,Savannah,GA,OR,97225,2740.3,2847.3,636.7,-0.03904681969127467,1,1,670758978,874980898474,80168116710,2026-08-04
jumbo,35069,JLA Home GA 31407 - SV2,GA,Port Wentworth,31407,550 Northport Pkwy,HAGERSTOWN,MD,Savannah,GA,WA,98629,2754.6,2859.9,636.7,-0.03822696580265744,1,1,670382333,874905156749,80164238910,2026-08-03
jumbo,35069,JLA Home GA 31407 - SV2,GA,Port Wentworth,31407,550 Northport Pkwy,HAGERSTOWN,MD,Savannah,GA,TX,75098,1302.1,1028.5,636.7,0.21012211043698636,1,0,671239171,875156737182,80172628010,2026-08-02
jumbo,36423,NFusion GA 31407,GA,Savannah,31407,425 Jimmy Deloach Parkway,SAVANNAH,GA,Ocala,FL,CA,91301,2452.2,,234.7,,0,1,671681060,875217037101,11522804897,2026-08-10
jumbo,36423,NFusion GA 31407,GA,Savannah,31407,425 Jimmy Deloach Parkway,SAVANNAH,GA,Ocala,FL,MS,38655,578.8,,234.7,,1,0,672202915,875346616451,12490881941,2026-08-10
jumbo,36423,NFusion GA 31407,GA,Savannah,31407,425 Jimmy Deloach Parkway,SAVANNAH,GA,Ocala,FL,CA,92373,2386.9,,234.7,,0,1,671566617,875217114456,80176424260,2026-08-10
jumbo,36423,NFusion GA 31407,GA,Savannah,31407,425 Jimmy Deloach Parkway,SAVANNAH,GA,Ocala,FL,CA,92128,2390.5,,234.7,,0,1,671680353,875217027800,80177581110,2026-08-10
jumbo,36423,NFusion GA 31407,GA,Savannah,31407,425 Jimmy Deloach Parkway,SAVANNAH,GA,Ocala,FL,CA,90066,2436.0,,234.7,,0,1,671740143,875217440072,80178200410,2026-08-10
jumbo,44034,Wexford Home IL,IL,WILLOWBROOK ,60527 ,7409 S QUNICY,BEDFORD PARK,IL,Harrisburg,PA,PA,19475,740.6,,672.7,,1,1,671173745,531303716400,80172355800,2026-08-08
jumbo,44034,Wexford Home IL,IL,WILLOWBROOK ,60527 ,7409 S QUNICY,BEDFORD PARK,IL,Harrisburg,PA,PA,19475,740.6,,672.7,,1,1,671173745,531303716400,80172356040,2026-08-08
jumbo,44034,Wexford Home IL,IL,WILLOWBROOK ,60527 ,7409 S QUNICY,BEDFORD PARK,IL,Hagerstown,MD,KY,42103,415.1,619.9,636.8,-0.493375090339677,1,1,671175666,531306782498,80172370150,2026-08-08
jumbo,44034,Wexford Home IL,IL,WILLOWBROOK ,60527 ,7409 S QUNICY,BEDFORD PARK,IL,Houston,TX,VA,20176,683.4,1404.9,1087.4,-1.0557506584723444,0,0,670597694,531303746799,80166441080,2026-08-04
jumbo,44034,Wexford Home IL,IL,WILLOWBROOK ,60527 ,7409 S QUNICY,HAGERSTOWN,MD,Mccook,IL,CA,95691,2658.9,2030.5,642.0,0.23633833540185795,1,0,670360034,531303250158,80164010280,2026-08-03
jumbo,59119,Safavieh CA 92518,CA,Riverside,92518,20800 Krameria Aveune,RIALTO LOCAL,CA,Tracy,CA,ID,83616,860.7,617.9,380.0,0.2820959683978158,1,1,672477751,875480341599,80185962000,2026-08-10
jumbo,59119,Safavieh CA 92518,CA,Riverside,92518,20800 Krameria Aveune,RIALTO LOCAL,CA,Portland,OR,UT,84003,615.0,,1033.7,,0,0,671153282,875119570089,80172169230,2026-08-02
jumbo,59119,Safavieh CA 92518,CA,Riverside,92518,20800 Krameria Aveune,RIALTO LOCAL,CA,Tracy,CA,VA,20175,2596.7,2770.2,380.0,-0.06681557361266223,1,0,669787211,874891688586,80158077430,2026-07-31
jumbo,59119,Safavieh CA 92518,CA,Riverside,92518,20800 Krameria Aveune,SAVANNAH,GA,Rialto,CA,TX,75205,1030.1,1388.2,2371.3,-0.3476361518299196,0,0,670111141,874941834226,80158877850,2026-07-29
jumbo,59119,Safavieh CA 92518,CA,Riverside,92518,20800 Krameria Aveune,BAYTOWN,TX,Rialto,CA,FL,32137,911.0,2428.4,1521.5,-1.6656421514818882,1,0,668681668,874579813584,12424493011,2026-07-22
jumbo,59806,DesignArt Inc. NY,NY,Champlain,12919,156 Lawrence Paquette Dr,HAGERSTOWN,MD,Plattsburgh,NY,TX,76903,1593.8,2019.0,523.9,-0.2667837871753043,1,0,672185028,383050085075,80180804100,2026-08-07
jumbo,59806,DesignArt Inc. NY,NY,Champlain,12919,156 Lawrence Paquette Dr,HAGERSTOWN,MD,Plattsburgh,NY,FL,33477,1040.5,1507.6,523.9,-0.4489187890437289,1,0,671897996,383027049506,80179803080,2026-08-06
jumbo,59806,DesignArt Inc. NY,NY,Champlain,12919,156 Lawrence Paquette Dr,HAGERSTOWN,MD,Plattsburgh,NY,NC,28741,575.4,,523.9,,1,0,672184959,383025957138,80182051630,2026-08-06
jumbo,59806,DesignArt Inc. NY,NY,Champlain,12919,156 Lawrence Paquette Dr,HAGERSTOWN,MD,Plattsburgh,NY,OR,97303,2780.2,3000.7,523.9,-0.0793108409466945,0,0,670979004,382980013927,80170331620,2026-08-05
jumbo,59806,DesignArt Inc. NY,NY,Champlain,12919,156 Lawrence Paquette Dr,PLATTSBURGH,NY,Binghamton,NY,TX,75048,1732.3,,287.2,,1,1,669829705,382817653451,80158525220,2026-08-04
jumbo,155962,Compamia FL 33147,FL,Miami,33147,7000 N W 32 AVE,MEDLEY,FL,Orlando,FL,WA,98112,3322.1,3113.9,245.1,0.06267120195057338,1,1,669604520,874818119877,80156166090,2026-07-31
jumbo,155962,Compamia FL 33147,FL,Miami,33147,7000 N W 32 AVE,MEDLEY,FL,Stockton Rsf,CA,CA,94116,3106.0,,3053.8,,1,1,659766822,872846140788,11438301537,2026-07-24
jumbo,155962,Compamia FL 33147,FL,Miami,33147,7000 N W 32 AVE,MEDLEY,FL,Orlando,FL,TX,75224,1300.7,1094.7,245.1,0.15837625893749518,1,0,668526081,874559323384,12357592319,2026-07-23
jumbo,155962,Compamia FL 33147,FL,Miami,33147,7000 N W 32 AVE,MEDLEY,FL,Stockton Rsf,CA,CA,94129,3103.9,,3053.8,,1,1,661171990,872822133425,11402308976,2026-06-17
jumbo,155962,Compamia FL 33147,FL,Miami,33147,7000 N W 32 AVE,MEDLEY,FL,Denver,CO,UT,84015,2519.8,,2058.5,,1,1,661288424,872869552912,11403024066,2026-06-17
jumbo,211658,WPLA4,CA,Fontana,92337,13083 Slover Ave,SAVANNAH,GA,Arcadia,CA,CO,80233,1662.1,1007.9,2402.9,0.39359845977979663,0,1,668216563,531288730053,12288778223,2026-07-21
jumbo,211658,WPLA4,CA,Fontana,92337,13083 Slover Ave,WEST RIALTO,CA,Columbus,OH,PA,15026,2384.7,,2205.2,,1,1,661080999,526528030529,12319972601,2026-06-16
jumbo,211658,WPLA4,CA,Fontana,92337,13083 Slover Ave,WEST RIALTO,CA,Binghamton,NY,NY,12078,2753.9,,2663.6,,1,1,660651548,526525698989,12324763892,2026-06-16
jumbo,211658,WPLA4,CA,Fontana,92337,13083 Slover Ave,WEST RIALTO,CA,Toledo,OH,MI,48127,2227.9,,2197.3,,1,1,661299775,526528967623,80128787410,2026-06-16
jumbo,211658,WPLA4,CA,Fontana,92337,13083 Slover Ave,WEST RIALTO,CA,Portland,OR,WA,99163,1095.9,,1033.7,,1,1,661357061,526529403533,11450579787,2026-06-15
jumbo,237104,Devion Furniture,CA,Ontario,91761,4422 E Airport Drive,CHINO LOCAL,CA,Toledo,OH,NC,28605,2316.8,,2208.7,,1,1,670778051,531300820634,80168300830,2026-08-05
jumbo,237104,Devion Furniture,CA,Ontario,91761,4422 E Airport Drive,CHINO LOCAL,CA,Toledo,OH,NC,28605,2316.8,,2208.7,,1,1,670778051,531300820634,80168300840,2026-08-05
jumbo,237104,Devion Furniture,CA,Ontario,91761,4422 E Airport Drive,MISSOULA,MT,Chino Hills Ncpc,CA,FL,33186,2841.0,2700.1,1181.1,0.04959521295318553,1,1,669095594,531292982894,80151637890,2026-08-02
jumbo,237104,Devion Furniture,CA,Ontario,91761,4422 E Airport Drive,MISSOULA,MT,Chino Hills Ncpc,CA,FL,33186,2841.0,2700.1,1181.1,0.04959521295318553,1,1,669095594,531292982894,80151637900,2026-08-02
jumbo,237104,Devion Furniture,CA,Ontario,91761,4422 E Airport Drive,MISSOULA,MT,Chino Hills Ncpc,CA,FL,33186,2841.0,2700.1,1181.1,0.04959521295318553,1,1,669095594,531292982910,80151637920,2026-08-02
jumbo,253370,Edecor Center Inc._1 NJ 08110,NJ,Pennsauken,08110,1050 Thomas Busch Memorial Highway,CAMDEN,NJ,Dallas,TX,IA,50208,1060.7,745.1,1471.3,0.2975393607994721,0,0,671805064,531304928861,80178860730,2026-08-06
jumbo,253370,Edecor Center Inc._1 NJ 08110,NJ,Pennsauken,08110,1050 Thomas Busch Memorial Highway,CAMDEN,NJ,Chino Hills Ncpc,CA,TX,78418,1778.4,1473.6,2700.5,0.17139001349527674,1,1,669629208,531295158327,80156418280,2026-07-30
jumbo,253370,Edecor Center Inc._1 NJ 08110,NJ,Pennsauken,08110,1050 Thomas Busch Memorial Highway,CAMDEN,NJ,Ventura,CA,CA,95367,2870.4,,2787.7,,1,1,668177496,531288414427,11489723127,2026-07-24
jumbo,253370,Edecor Center Inc._1 NJ 08110,NJ,Pennsauken,08110,1050 Thomas Busch Memorial Highway,CAMDEN,NJ,Ventura,CA,CA,95367,2870.4,,2787.7,,1,1,668177496,531288414427,11491142457,2026-07-24
jumbo,253370,Edecor Center Inc._1 NJ 08110,NJ,Pennsauken,08110,1050 Thomas Busch Memorial Highway,CAMDEN,NJ,Irving,TX,CO,80241,1749.3,,1477.9,,0,1,667393206,531284857046,12248364343,2026-07-16
jumbo,291275, 美南SAV自营仓,GA,Savannah,31407,150 Knowlton Way Savannah,WEST RIALTO,CA,Davenport,FL,AL,35476,1972.3,,2451.7,,1,1,671495014,531304945463,80175675650,2026-08-10
jumbo,291275, 美南SAV自营仓,GA,Savannah,31407,150 Knowlton Way Savannah,SAVANNAH,GA,Davenport,FL,CA,93422,2558.3,,315.8,,1,0,671565380,531304957147,80176411310,2026-08-10
jumbo,291275, 美南SAV自营仓,GA,Savannah,31407,150 Knowlton Way Savannah,PRINCETON,NJ,Richmond Hill Ncpc,GA,OK,74426,1357.9,,784.8,,1,1,672144355,531307093665,80182355550,2026-08-10
jumbo,291275, 美南SAV自营仓,GA,Savannah,31407,150 Knowlton Way Savannah,PRINCETON,NJ,Richmond Hill Ncpc,GA,OK,74426,1357.9,,784.8,,1,1,672144355,531307093665,80182355560,2026-08-10
jumbo,291275, 美南SAV自营仓,GA,Savannah,31407,150 Knowlton Way Savannah,PRINCETON,NJ,Richmond Hill Ncpc,GA,TX,75204,1516.7,1035.3,784.8,0.31739961759082225,1,0,672207408,531307176367,80183087530,2026-08-10
jumbo,292469,Baishi NJ 08810 Bedshe,NJ,Dayton ,08810,11 Corn Rd ,SAVANNAH,GA,East Brunswick,NJ,TN,38120,619.8,1068.3,783.6,-0.723620522749274,1,0,672242798,531307448240,80181940830,2026-08-07
jumbo,292469,Baishi NJ 08810 Bedshe,NJ,Dayton ,08810,11 Corn Rd ,SAVANNAH,GA,East Brunswick,NJ,OH,43062,669.3,504.0,783.6,0.2469744509188704,1,0,672244509,531307448549,80182534210,2026-08-07
jumbo,292469,Baishi NJ 08810 Bedshe,NJ,Dayton ,08810,11 Corn Rd ,SAVANNAH,GA,East Brunswick,NJ,IL,61938,817.0,846.2,783.6,-0.03574051407588745,1,0,671685401,531304274335,12355043663,2026-08-05
jumbo,292469,Baishi NJ 08810 Bedshe,NJ,Dayton ,08810,11 Corn Rd ,PRINCETON,NJ,West Columbus,OH,MS,39170,1192.5,,532.5,,0,0,671337210,531303282830,80174060500,2026-08-05
jumbo,292469,Baishi NJ 08810 Bedshe,NJ,Dayton ,08810,11 Corn Rd ,SAVANNAH,GA,East Brunswick,NJ,IL,60046,1015.9,851.0,783.6,0.1623191258982183,1,0,671468551,531303716292,80175266580,2026-08-05
jumbo,293214,CIAO JING INC CA 92879 ,CA,Corona,92879 ,2565 Sampson Ave ,WEST RIALTO,CA,Charlotte,NC,SC,29045,2369.5,,2361.8,,1,1,661074774,526528000272,12331589602,2026-06-16
jumbo,293214,CIAO JING INC CA 92879 ,CA,Corona,92879 ,2565 Sampson Ave ,WEST RIALTO,CA,Marietta,GA,PA,18964,2676.2,,2139.5,,1,1,661096576,526528075649,12335723805,2026-06-16
jumbo,293214,CIAO JING INC CA 92879 ,CA,Corona,92879 ,2565 Sampson Ave ,WEST RIALTO,CA,Marietta,GA,PA,18964,2676.2,,2139.5,,1,1,661096576,526528075649,12335723835,2026-06-16
jumbo,293214,CIAO JING INC CA 92879 ,CA,Corona,92879 ,2565 Sampson Ave ,WEST RIALTO,CA,Portland,OR,ID,83854,1340.5,,1033.7,,1,1,661298295,526528956464,11450094377,2026-06-13
jumbo,293214,CIAO JING INC CA 92879 ,CA,Corona,92879 ,2565 Sampson Ave ,WEST RIALTO,CA,Toledo,OH,MI,49269,2152.0,,2197.3,,0,0,660773072,526526174870,11446726847,2026-06-12
jumbo,302333,NW Investment Inc TX 75041,TX,Garland,75041,3422 W Kingsley Rd,MESQUITE,TX,Woodbridge,NJ,FL,34432,986.5,1031.2,1524.0,-0.04531170805879376,1,0,672107021,531306687122,80181966750,2026-08-08
jumbo,302333,NW Investment Inc TX 75041,TX,Garland,75041,3422 W Kingsley Rd,MESQUITE,TX,Champaign,IL,MN,56172,894.2,594.0,824.1,0.33571907850592714,0,0,671315089,531303211713,80173815370,2026-08-07
jumbo,302333,NW Investment Inc TX 75041,TX,Garland,75041,3422 W Kingsley Rd,MESQUITE,TX,Birmingham,AL,MN,55447,951.9,1091.7,637.0,-0.1468641664040341,0,0,671467168,531303716958,80175391410,2026-08-06
jumbo,302333,NW Investment Inc TX 75041,TX,Garland,75041,3422 W Kingsley Rd,MESQUITE,TX,Princeton,NJ,FL,33928,1224.5,1227.8,1508.4,-0.002694977541853781,1,0,670828913,531300842514,80168842580,2026-08-01
jumbo,302333,NW Investment Inc TX 75041,TX,Garland,75041,3422 W Kingsley Rd,MESQUITE,TX,Eagle River,WI,NC,27577,1201.4,,1213.4,,0,0,669818408,531295913183,80158405820,2026-07-31
jumbo,302637,"GigaCloud Trading, Inc. GA 31302",GA,Bloomingdale,31302,3001 Jimmy Deloach Parkway,SAVANNAH,GA,Davenport,FL,CA,90712,2423.5,,315.8,,0,1,671447746,875200393711,11520933977,2026-08-10
jumbo,302637,"GigaCloud Trading, Inc. GA 31302",GA,Bloomingdale,31302,3001 Jimmy Deloach Parkway,SAVANNAH,GA,Davenport,FL,CO,80220,1651.4,,315.8,,1,1,672211064,875350619865,12427218709,2026-08-10
jumbo,302637,"GigaCloud Trading, Inc. GA 31302",GA,Bloomingdale,31302,3001 Jimmy Deloach Parkway,SAVANNAH,GA,South Atlanta Ncpc,GA,TX,76692,1097.7,868.5,239.0,0.20880021863897244,1,1,672314358,875397561100,12433430539,2026-08-10
jumbo,302637,"GigaCloud Trading, Inc. GA 31302",GA,Bloomingdale,31302,3001 Jimmy Deloach Parkway,SAVANNAH,GA,South Atlanta Ncpc,GA,VA,23116,476.4,552.3,239.0,-0.15931989924433246,0,1,672322672,875397929440,12494785691,2026-08-10
jumbo,302637,"GigaCloud Trading, Inc. GA 31302",GA,Bloomingdale,31302,3001 Jimmy Deloach Parkway,SAVANNAH,GA,Davenport,FL,NY,12553,859.3,1164.8,315.8,-0.35552193645990926,0,1,672368654,875402987618,12507219905,2026-08-10
jumbo,350373,York Wallcoverings PA 17408,PA,York,17408,2075 Loucks Road,ROMEOVILLE NCPC,IL,Harrisburg,PA,OR,97211,2105.7,2773.4,682.6,-0.3170917034715298,1,0,670373890,530762234236,80164149370,2026-07-31
jumbo,350373,York Wallcoverings PA 17408,PA,York,17408,2075 Loucks Road,QUINCY,MA,Harrisburg,PA,TN,37075,1107.9,727.4,405.1,0.3434425489665133,1,1,670520094,530762240286,80165631390,2026-07-31
jumbo,350373,York Wallcoverings PA 17408,PA,York,17408,2075 Loucks Road,ROMEOVILLE NCPC,IL,Harrisburg,PA,GA,30017,754.1,,682.6,,1,1,669698712,530762228090,80157129250,2026-07-30
jumbo,350373,York Wallcoverings PA 17408,PA,York,17408,2075 Loucks Road,ROMEOVILLE NCPC,IL,Harrisburg Local,PA,OK,73078,778.6,1309.6,682.6,-0.6819933213460054,1,0,667260860,530762169320,12275680313,2026-07-12
jumbo,350373,York Wallcoverings PA 17408,PA,York,17408,2075 Loucks Road,HARRISBURG LOCAL,PA,Salt Lake City,UT,ID,83221,2132.0,,2053.4,,1,1,661241587,521610387021,12322637481,2026-06-18
misshipping,22696,Surya GA 30184 (1 Surya Dr),GA,White,30184,1 Surya Drive,MARIETTA LOCAL,GA,Tracy,CA,CA,94928,2523.6,105.3,2429.9,0.9582738944365192,1,1,651900902,872553039903,11341397696,2026-08-03
misshipping,22696,Surya GA 30184 (1 Surya Dr),GA,White,30184,1 Surya Drive,MARIETTA LOCAL,GA,Tracy,CA,NV,89436,2359.3,203.3,2429.9,0.9138303734158436,1,1,650492512,872636102390,11332767326,2026-07-31
misshipping,22696,Surya GA 30184 (1 Surya Dr),GA,White,30184,1 Surya Drive,MARIETTA LOCAL,GA,Chino,CA,CA,93012,2226.6,86.0,2151.2,0.9613760891044641,1,1,650943021,872315184637,11379324197,2026-07-31
misshipping,22696,Surya GA 30184 (1 Surya Dr),GA,White,30184,1 Surya Drive,MARIETTA LOCAL,GA,Rialto,CA,CA,91765,2164.0,37.6,2139.5,0.9826247689463956,1,1,651429395,872628031087,11382538687,2026-07-31
misshipping,22696,Surya GA 30184 (1 Surya Dr),GA,White,30184,1 Surya Drive,MARIETTA LOCAL,GA,Rialto,CA,CA,91765,2164.0,37.6,2139.5,0.9826247689463956,1,1,651429395,872628031087,11382546927,2026-07-31
misshipping,34657,Unique Loom SC29707,SC,Fort Mill,29707,793 Fort Mill Highway,FORT MILL,SC,Fresno,CA,CA,94703,2713.2,180.6,2543.5,0.93343653250774,1,1,671711375,382968453909,11472480436,2026-08-10
misshipping,34657,Unique Loom SC29707,SC,Fort Mill,29707,793 Fort Mill Highway,FORT MILL,SC,Fresno,CA,CA,94703,2713.2,180.6,2543.5,0.93343653250774,1,1,671711375,382967292054,11472483306,2026-08-10
misshipping,34657,Unique Loom SC29707,SC,Fort Mill,29707,793 Fort Mill Highway,FORT MILL,SC,Fresno,CA,OR,97423,2913.3,625.4,2543.5,0.7853293515944119,1,1,671803665,382969233183,11473173326,2026-08-10
misshipping,34657,Unique Loom SC29707,SC,Fort Mill,29707,793 Fort Mill Highway,FORT MILL,SC,Fresno,CA,OR,97423,2913.3,625.4,2543.5,0.7853293515944119,1,1,671803665,382969233183,11473175396,2026-08-10
misshipping,34657,Unique Loom SC29707,SC,Fort Mill,29707,793 Fort Mill Highway,FORT MILL,SC,Fresno,CA,NV,89117,2215.7,395.8,2543.5,0.821365708354019,1,1,671903926,382993288975,11473896366,2026-08-10
misshipping,35069,JLA Home GA 31407 - SV2,GA,Port Wentworth,31407,550 Northport Pkwy,SAVANNAH,GA,Rialto,CA,MD,20735,580.9,2637.5,2380.1,-3.5403683938715784,0,0,662214742,873089322108,12332614121,2026-06-18
misshipping,35069,JLA Home GA 31407 - SV2,GA,Port Wentworth,31407,550 Northport Pkwy,SAVANNAH,GA,Sacramento,CA,CA,95762,2728.7,29.0,2710.9,0.989372228533734,0,1,661161567,872825280650,11231496987,2026-06-16
misshipping,35069,JLA Home GA 31407 - SV2,GA,Port Wentworth,31407,550 Northport Pkwy,SAVANNAH,GA,Sacramento,CA,CA,95757,2702.6,15.9,2710.9,0.9941167764375046,1,1,661156638,872825268204,11396175946,2026-06-16
misshipping,35069,JLA Home GA 31407 - SV2,GA,Port Wentworth,31407,550 Northport Pkwy,SAVANNAH,GA,Sacramento,CA,CA,94928,2763.4,,2710.9,,1,1,660593054,872763190966,11398596686,2026-06-16
misshipping,35069,JLA Home GA 31407 - SV2,GA,Port Wentworth,31407,550 Northport Pkwy,SAVANNAH,GA,Stockton Rsf,CA,CA,94577,2699.9,62.7,2667.9,0.9767769176636173,1,1,660682725,872780213389,11399091456,2026-06-16
misshipping,36423,NFusion GA 31407,GA,Savannah,31407,425 Jimmy Deloach Parkway,SAVANNAH,GA,Arcadia,CA,KY,40207,654.1,2072.7,2402.9,-2.16878153187586,1,1,671783694,875218562617,80178643510,2026-08-06
misshipping,36423,NFusion GA 31407,GA,Savannah,31407,425 Jimmy Deloach Parkway,SAVANNAH,GA,Rialto,CA,KY,41011,663.5,2135.4,2380.1,-2.2183873398643557,1,0,671350596,875185578448,80174204600,2026-08-05
misshipping,36423,NFusion GA 31407,GA,Savannah,31407,425 Jimmy Deloach Parkway,SAVANNAH,GA,Carson,CA,IL,60640,968.0,2029.0,2432.6,-1.0960743801652892,1,0,671548339,875200384897,80176228060,2026-08-05
misshipping,36423,NFusion GA 31407,GA,Savannah,31407,425 Jimmy Deloach Parkway,SAVANNAH,GA,Rialto,CA,KY,40330,577.7,2114.2,2380.1,-2.659684957590444,1,0,669669134,874869332767,12379611269,2026-07-30
misshipping,36423,NFusion GA 31407,GA,Savannah,31407,425 Jimmy Deloach Parkway,SAVANNAH,GA,Carson,CA,FL,33134,495.6,2741.7,2432.6,-4.532082324455206,1,0,670370982,874904195500,12468515902,2026-07-30
misshipping,59119,Safavieh CA 92518,CA,Riverside,92518,20800 Krameria Aveune,RIALTO LOCAL,CA,North  Indianapolis,IN,WI,53717,1929.0,,2032.3,,0,0,669868252,875166101289,80158920030,2026-07-31
misshipping,59119,Safavieh CA 92518,CA,Riverside,92518,20800 Krameria Aveune,RIALTO LOCAL,CA,Baytown,TX,WA,98112,1203.2,2463.1,1521.5,-1.0471243351063828,0,0,669874118,874922314648,11507744517,2026-07-29
misshipping,59119,Safavieh CA 92518,CA,Riverside,92518,20800 Krameria Aveune,RIALTO LOCAL,CA,Robbinsville,NJ,TX,75202,1389.5,1500.4,2705.1,-0.07981288233177408,0,0,669812746,874915928373,80158347240,2026-07-29
misshipping,59119,Safavieh CA 92518,CA,Riverside,92518,20800 Krameria Aveune,RIALTO LOCAL,CA,North  Indianapolis,IN,CA,95938,523.7,2206.5,2032.3,-3.213290051556234,0,0,667524893,874802249689,11441006606,2026-07-15
misshipping,59119,Safavieh CA 92518,CA,Riverside,92518,20800 Krameria Aveune,RIALTO LOCAL,CA,Garden City,NY,MS,39402,1872.3,1234.9,2782.7,0.34043689579661374,1,1,649456658,871421603043,12120076269,2026-06-29
misshipping,211658,WPLA4,CA,Fontana,92337,13083 Slover Ave,WEST RIALTO,CA,Richmond Hill Ncpc,GA,WA,99202,1361.7,,2378.0,,1,0,662088436,526532377653,11404634686,2026-06-18
misshipping,211658,WPLA4,CA,Fontana,92337,13083 Slover Ave,WEST RIALTO,CA,Richmond Hill Ncpc,GA,WA,98031,1180.2,2914.5,2378.0,-1.469496695475343,1,0,661860679,526531687277,11406504696,2026-06-18
misshipping,211658,WPLA4,CA,Fontana,92337,13083 Slover Ave,WEST RIALTO,CA,Marietta,GA,GA,30542,2175.3,57.0,2139.5,0.9737967176941111,1,1,661323810,526529141043,12308227845,2026-06-17
misshipping,211658,WPLA4,CA,Fontana,92337,13083 Slover Ave,WEST RIALTO,CA,Metuchen,NJ,NY,10803,2761.9,54.6,2723.0,0.9802310003982766,1,1,661509481,526530068728,12325093015,2026-06-17
misshipping,211658,WPLA4,CA,Fontana,92337,13083 Slover Ave,WEST RIALTO,CA,Marietta,GA,GA,30120,2136.2,19.0,2139.5,0.9911057017133227,1,1,661390737,526529546561,12337007842,2026-06-17
misshipping,291275, 美南SAV自营仓,GA,Savannah,31407,150 Knowlton Way Savannah,SAVANNAH,GA,Arcadia,CA,KY,40223,649.0,2079.9,2402.9,-2.204776579352851,1,0,671456213,531304940586,80175282640,2026-08-06
misshipping,291275, 美南SAV自营仓,GA,Savannah,31407,150 Knowlton Way Savannah,SAVANNAH,GA,Arcadia,CA,NY,12182,957.7,,2402.9,,1,0,671459300,531304940760,80175312900,2026-08-06
misshipping,291275, 美南SAV自营仓,GA,Savannah,31407,150 Knowlton Way Savannah,SAVANNAH,GA,South Rialto - Ncpc,CA,TX,75205,1038.9,1388.2,2380.1,-0.3362210029839252,1,1,670784551,531301293478,80168370660,2026-08-01
misshipping,291275, 美南SAV自营仓,GA,Savannah,31407,150 Knowlton Way Savannah,SAVANNAH,GA,Arcadia,CA,TN,37763,451.4,2127.5,2402.9,-3.7131147540983607,1,0,669939502,531298232535,80159657260,2026-07-30
misshipping,291275, 美南SAV自营仓,GA,Savannah,31407,150 Knowlton Way Savannah,SAVANNAH,GA,South Rialto - Ncpc,CA,OH,43081,686.6,2219.0,2380.1,-2.2318671715700553,1,0,670167736,531298378069,80162008990,2026-07-30
misshipping,292469,Baishi NJ 08810 Bedshe,NJ,Dayton ,08810,11 Corn Rd ,PRINCETON,NJ,Chino,CA,GA,30401,821.7,2319.4,2729.9,-1.8226846781063648,1,0,672356612,531307868427,12496278585,2026-08-10
misshipping,292469,Baishi NJ 08810 Bedshe,NJ,Dayton ,08810,11 Corn Rd ,PRINCETON,NJ,Chino,CA,GA,30401,821.7,2319.4,2729.9,-1.8226846781063648,1,0,672356612,531307868427,12496281815,2026-08-10
misshipping,292469,Baishi NJ 08810 Bedshe,NJ,Dayton ,08810,11 Corn Rd ,PRINCETON,NJ,Chino,CA,FL,33331,1244.9,2673.8,2729.9,-1.147803036388465,1,0,672392615,531308106210,12512143215,2026-08-10
misshipping,292469,Baishi NJ 08810 Bedshe,NJ,Dayton ,08810,11 Corn Rd ,PRINCETON,NJ,Chino,CA,FL,33036,1330.3,2776.1,2729.9,-1.0868225212358116,1,0,672061496,531306584500,80181488680,2026-08-10
misshipping,292469,Baishi NJ 08810 Bedshe,NJ,Dayton ,08810,11 Corn Rd ,PRINCETON,NJ,Chino,CA,MS,39564,1218.9,1926.6,2729.9,-0.5806054639428991,1,0,672107301,531306732346,80181969540,2026-08-10
misshipping,302333,NW Investment Inc TX 75041,TX,Garland,75041,3422 W Kingsley Rd,MESQUITE,TX,Diamond Bar Rsf,CA,WA,98604,2146.3,1020.0,1424.1,0.5247635465685133,1,1,671328385,531303244450,11519770087,2026-08-10
misshipping,302333,NW Investment Inc TX 75041,TX,Garland,75041,3422 W Kingsley Rd,MESQUITE,TX,Fairless Hills,PA,PA,19382,1441.2,52.7,1479.6,0.9634332500693866,1,1,672313558,531307587538,12494580681,2026-08-10
misshipping,302333,NW Investment Inc TX 75041,TX,Garland,75041,3422 W Kingsley Rd,MESQUITE,TX,Fairless Hills,PA,IN,46706,1039.5,645.9,1479.6,0.37864357864357867,1,1,672204922,531307149948,12501435095,2026-08-10
misshipping,302333,NW Investment Inc TX 75041,TX,Garland,75041,3422 W Kingsley Rd,MESQUITE,TX,Fairless Hills,PA,OH,45701,1049.8,479.9,1479.6,0.5428653076776528,1,1,672363874,531307858805,12506419022,2026-08-10
misshipping,302333,NW Investment Inc TX 75041,TX,Garland,75041,3422 W Kingsley Rd,MESQUITE,TX,Fairless Hills,PA,IN,46706,1039.5,645.9,1479.6,0.37864357864357867,1,1,672204922,531307149948,12508276435,2026-08-10
misshipping,302637,"GigaCloud Trading, Inc. GA 31302",GA,Bloomingdale,31302,3001 Jimmy Deloach Parkway,SAVANNAH,GA,Arcadia,CA,OH,44011,782.3,2303.2,2402.9,-1.944139077080404,1,0,672347847,875398324091,80184592680,2026-08-09
misshipping,302637,"GigaCloud Trading, Inc. GA 31302",GA,Bloomingdale,31302,3001 Jimmy Deloach Parkway,SAVANNAH,GA,South Dallas Rsf,TX,PA,19152,730.0,1486.1,1034.7,-1.0357534246575342,1,1,672030137,875289704770,80181172850,2026-08-08
misshipping,302637,"GigaCloud Trading, Inc. GA 31302",GA,Bloomingdale,31302,3001 Jimmy Deloach Parkway,SAVANNAH,GA,South Dallas Rsf,TX,VA,22554,532.5,1287.5,1034.7,-1.4178403755868545,1,1,672055183,875341478901,80181424410,2026-08-08
misshipping,302637,"GigaCloud Trading, Inc. GA 31302",GA,Bloomingdale,31302,3001 Jimmy Deloach Parkway,SAVANNAH,GA,South Dallas Rsf,TX,VA,24141,407.6,1070.4,1034.7,-1.6261040235525026,1,1,672066291,875341478897,80181535860,2026-08-08
misshipping,302637,"GigaCloud Trading, Inc. GA 31302",GA,Bloomingdale,31302,3001 Jimmy Deloach Parkway,SAVANNAH,GA,Rialto,CA,CA,90025,2440.4,69.7,2380.1,0.9714391083428947,1,1,670080587,874884875020,80161119920,2026-08-03
misshipping,350373,York Wallcoverings PA 17408,PA,York,17408,2075 Loucks Road,HARRISBURG LOCAL,PA,Columbus,OH,NV,89044,2410.3,2036.1,378.5,0.15525038376965533,1,1,671224158,521481231090,11518918807,2026-08-10
misshipping,350373,York Wallcoverings PA 17408,PA,York,17408,2075 Loucks Road,HARRISBURG LOCAL,PA,Columbus,OH,CO,81301,1930.9,1555.0,378.5,0.19467605779688232,1,1,671547498,534866672209,12353330373,2026-08-10
misshipping,350373,York Wallcoverings PA 17408,PA,York,17408,2075 Loucks Road,HARRISBURG LOCAL,PA,Columbus,OH,SC,29588,554.4,614.4,378.5,-0.10822510822510822,1,1,672116772,534866679773,12364444783,2026-08-10
misshipping,350373,York Wallcoverings PA 17408,PA,York,17408,2075 Loucks Road,HARRISBURG LOCAL,PA,Columbus,OH,TX,77494,1498.8,1177.4,378.5,0.21443821724045894,1,1,671320676,534866672297,12490939945,2026-08-10
misshipping,350373,York Wallcoverings PA 17408,PA,York,17408,2075 Loucks Road,HARRISBURG LOCAL,PA,Columbus,OH,CA,94127,2781.2,2449.9,378.5,0.11912124262908089,1,1,671054939,521481229413,80171146020,2026-08-10
