supplier_id,su_name,parent_suid,parent_su_name,sto,vol_july4,ifr_july4,delivery_rel_july4,o2d_stated_july4,o2d_actual_july4,gain_july4,top_actual_hub_july4,vol_baseline,ifr_baseline,delivery_rel_baseline,o2d_stated_baseline,o2d_actual_baseline,gain_baseline,top_actual_hub_baseline,o2d_gap_july4,o2d_gap_baseline,ifr_delta,del_delta,o2d_actual_delta,o2d_stated_delta
433182,NUU GARDEN CORPORATION CA 91730,39276,NUU GARDEN CORPORATION,APS Outdoor,10,1.0,1.0,16.9,8.8,0.9546653491233862,Greenwood,125.0,0.584,0.848,18.976,8.872,0.9614943574455506,Chicago,-8.099999999999998,-10.104,0.41600000000000004,0.15200000000000002,-0.07199999999999918,-2.0760000000000005
408999,"Freestyle Outdoor Living Co., Ltd CA 91761 (4)",57760,Orange Casual Co Ltd_1,APS Outdoor,7,1.0,1.0,9.857142857142858,7.142857142857143,0.9198423974911174,Romeoville Rsf,157.0,1.0,0.9299363057324841,15.242038216560509,8.184713375796179,0.9609185976311589,Romeoville Rsf,-2.7142857142857144,-7.0573248407643305,0.0,0.07006369426751591,-1.0418562329390353,-5.384895359417651
25980,California Umbrella CA,716,California Umbrella,Outdoor Furniture,6,1.0,1.0,17.833333333333332,8.666666666666666,0.9710450235899541,Romeoville Rsf,301.0,0.9933554817275747,0.8239202657807309,16.84717607973422,11.866002214839424,0.96853938640213,Chicago,-9.166666666666666,-4.981173864894794,0.006644518272425293,0.17607973421926915,-3.1993355481727583,0.9861572535991137
375337,"ZHENGZHOU OUQUN TRADE CO.,LTD CA 92316",284759,"ZHENGZHOU OUQUN TRADE CO.,LTD",APS Pet,4,1.0,1.0,9.25,5.25,0.5626772416010881,Fairless Hills,17.0,0.8823529411764706,1.0,9.0,6.823529411764706,0.9422747833543994,Toledo,-4.0,-2.1764705882352944,0.11764705882352944,0.0,-1.5735294117647056,0.25
148929,"Grove NA, INC. dba Chicology CA",10851,"Grove NA, INC. dba Chicology",Soft Home,3,1.0,1.0,12.0,5.666666666666667,0.9496823969504061,Niles,76.0,0.8026315789473685,0.9078947368421053,9.289473684210526,8.236842105263158,0.9169703500177767,Niles,-6.333333333333333,-1.0526315789473681,0.19736842105263153,0.09210526315789469,-2.5701754385964906,2.7105263157894743
288856,Tradeber E-marketing Inc CA 92337,239639,Tradeber E-marketing Inc,Upholstery,3,0.6666666666666666,1.0,7.0,4.666666666666667,0.8470771316381266,Carol Stream,12.0,0.9166666666666666,0.9166666666666666,6.25,3.25,0.8886835210028526,Mccook,-2.333333333333333,-3.0,-0.25,0.08333333333333337,1.416666666666667,0.75
295613,Shenzhen Oumeifeng Fashion Design CA 91752,108440,"Shenzhen Oumeifeng Fashion Design Co., Ltd.",APS,3,1.0,1.0,6.666666666666667,3.6666666666666665,0.7589362211000656,Fairless Hills,19.0,0.7894736842105263,0.8421052631578947,5.684210526315789,4.7368421052631575,0.7459271240988341,Fairless Hills,-3.0000000000000004,-0.9473684210526319,0.21052631578947367,0.1578947368421053,-1.070175438596491,0.9824561403508776
182959,Brightech Inc. CA,63240,Brightech Inc.,Lighting,3,0.6666666666666666,1.0,7.666666666666667,3.0,0.6736718502540625,Lehigh Valley,234.0,0.9401709401709402,0.8760683760683761,6.944444444444445,6.269230769230769,0.9626966922714852,Chicago,-4.666666666666667,-0.6752136752136755,-0.27350427350427353,0.12393162393162394,-3.269230769230769,0.7222222222222223
354420,"GigaCloud Trading, Inc. CA 92337 (5) ",3215,"GigaCloud Trading, Inc.",Outdoor Furniture,3,0.3333333333333333,1.0,8.666666666666666,4.666666666666667,0.7430681186452256,Greensboro,33.0,0.45454545454545453,0.8484848484848485,9.181818181818182,7.515151515151516,0.9669744447133393,Chicago,-3.999999999999999,-1.666666666666666,-0.12121212121212122,0.1515151515151515,-2.8484848484848486,-0.5151515151515156
109665,Peakhome Furnishings Inc CA 92337,60739,Peakhome Furnishings Inc,APS Outdoor,2,1.0,1.0,11.0,6.0,0.6689465138020961,Fairless Hills,39.0,0.9487179487179487,0.8717948717948718,8.564102564102564,6.256410256410256,0.9508193587149975,Romeoville Rsf,-5.0,-2.3076923076923075,0.05128205128205132,0.1282051282051282,-0.2564102564102564,2.435897435897436
313815,"Hangzhou Mengfeisi Home Furnishings Co., Ltd GA 31326",313810,"Hangzhou Mengfeisi Home Furnishings Co., Ltd",APS Outdoor,2,1.0,0.0,4.0,5.0,0.6830366194898415,West Savannah  Ncpc,15.0,1.0,0.5333333333333333,3.533333333333333,3.7333333333333334,0.6072977379286805,West Savannah  Ncpc,1.0,0.20000000000000018,0.0,-0.5333333333333333,1.2666666666666666,0.4666666666666668
301635,WHALL GLOBAL BUSINESS LIMITED CA 94538,298036,WHALL GLOBAL BUSINESS LIMITED,Wayfair,2,0.5,1.0,7.0,5.0,0.5855222780079934,East Chattanooga,25.0,0.92,1.0,8.12,4.52,0.8251529490812821,Northern Kentucky,-2.0,-3.5999999999999996,-0.42000000000000004,0.0,0.4800000000000004,-1.1199999999999992
255050,JOYIN US CORP. CA 91730,49117,JOYIN US CORP.,APS Decor,2,1.0,1.0,8.0,5.0,0.419212873942553,South Houston,109.0,1.0,0.9724770642201835,8.614678899082568,5.146788990825688,0.950239707723093,Chicago,-3.0,-3.46788990825688,0.0,0.02752293577981646,-0.14678899082568808,-0.614678899082568
254770,PRIMESTOK Jersey CA 91730,81358,PRIMESTOK INC,Casegoods,2,0.0,0.0,8.5,13.0,0.6746075133448155,King Of Prussia,29.0,0.896551724137931,0.8620689655172413,13.655172413793103,10.172413793103448,0.9772413043494166,Chicago,4.5,-3.482758620689655,-0.896551724137931,-0.8620689655172413,2.8275862068965516,-5.155172413793103
326360,"Freestyle Outdoor Living Co., Ltd GA 31407 ",57760,Orange Casual Co Ltd_1,APS Outdoor,2,0.5,1.0,18.0,5.5,0.5859770518685531,Richmond Hill Ncpc,12.0,1.0,0.8333333333333334,5.416666666666667,3.5833333333333335,0.5810794164615759,Richmond Hill Ncpc,-12.5,-1.8333333333333335,-0.5,0.16666666666666663,1.9166666666666665,12.583333333333332
449657,Moe's Home Collection MS 30114,7922,Moe's Home Collection,Casegoods,2,1.0,1.0,7.0,3.0,0.5141553407585496,Olive Branch,,,,,,,,-4.0,,,,,
313259,AM-CA,100553,SHENZHEN NAMUNANI WANGLUO KEJI YOUXIAN GONGSI,APS,2,1.0,1.0,9.5,3.5,0.9436152357842487,Etna Rsf,197.0,0.7208121827411168,0.8020304568527918,8.862944162436548,7.614213197969543,0.9658828975482294,Chicago,-6.0,-1.248730964467005,0.2791878172588832,0.19796954314720816,-4.114213197969543,0.6370558375634516
249783,BeatiNeon Irvine Warehouse,244283,Beatineon Lighting Inc.,Lighting,2,0.0,1.0,8.0,0.0,0.9717797271054849,Chicago Loop,55.0,0.8,0.9090909090909091,7.345454545454546,6.4,0.9700990040445079,Chicago,-8.0,-0.9454545454545453,-0.8,0.09090909090909094,-6.4,0.6545454545454543
267938,EVERGREEN DECOR INC CA 91761,267936,EVERGREEN DECOR INC,Wayfair,2,1.0,1.0,8.0,5.0,0.571603750901659,Chattanooga,,,,,,,,-3.0,,,,,
243335,"Dewenwils Network Technology Co., Ltd NJ 08817",62262,"Dewenwils Network Technology Co., Ltd",APS Home Improvement,2,1.0,1.0,7.0,3.0,0.6054421768707482,Metuchen,,,,,,,,-4.0,,,,,
204275,US_HK LOST HORIZON INTERNATIONAL ELECTRONIC COMMERCE LIMITED CA 92337,202994,US_HK LOST HORIZON INTERNATIONAL ELECTRONIC COMMERCE LIMITED,APS,2,0.0,0.5,7.0,7.0,0.7363800120929653,Carol Stream,54.0,0.9814814814814815,0.9814814814814815,6.962962962962963,4.018518518518518,0.8237672924853952,Mccook,0.0,-2.9444444444444446,-0.9814814814814815,-0.4814814814814815,2.981481481481482,0.0370370370370372
17066,  CA2,3215,"GigaCloud Trading, Inc.",Outdoor Furniture,1,0.0,1.0,9.0,6.0,0.7854851643945469,East Chattanooga,585.0,0.7435897435897436,0.8752136752136752,7.442735042735043,5.972649572649573,0.9432299073157164,Chicago,-3.0,-1.4700854700854702,-0.7435897435897436,0.12478632478632479,0.027350427350427253,1.557264957264957
22430,EnitialLab CA,6851,EnitialLab,Casegoods,1,1.0,1.0,8.0,6.0,0.9817692628844458,Northern Kentucky,83.0,0.7469879518072289,0.8072289156626506,7.590361445783133,7.445783132530121,0.9706280548739585,Toledo,-2.0,-0.14457831325301207,0.2530120481927711,0.19277108433734935,-1.4457831325301207,0.40963855421686723
8678,Linon NC 27288,405,Linon,Casegoods,1,1.0,1.0,8.0,3.0,0.7974608296887605,Elon,2.0,0.5,1.0,5.5,4.5,0.6779362216814974,Elon,-5.0,-1.0,0.5,0.0,-1.5,2.5
112453,terby inc CA 91708,111941,terby inc,Lighting,1,0.0,1.0,11.0,10.0,0.811075506611906,Murfreesboro,72.0,0.8333333333333334,0.9444444444444444,9.63888888888889,8.48611111111111,0.9639605253284018,Toledo,-1.0,-1.1527777777777786,-0.8333333333333334,0.05555555555555558,1.5138888888888893,1.3611111111111107
49461,Uniek WI 53597,22487,Uniek,Decor,1,1.0,1.0,7.0,4.0,0.8547026796199423,Madison,2.0,1.0,0.5,6.0,6.0,0.8888461622140408,Cincinnati,-3.0,0.0,0.0,0.5,-2.0,1.0
44488,E Home International Inc. CA 91748,34449,E Home International Inc.,APS Youth,1,0.0,1.0,8.0,7.0,0.7865614281581884,Columbus,26.0,0.9230769230769231,0.8076923076923077,7.461538461538462,7.269230769230769,0.9575944695358345,Toledo,-1.0,-0.1923076923076925,-0.9230769230769231,0.1923076923076923,-0.26923076923076916,0.5384615384615383
40360,Cathay Home Inc. NJ,14556,Cathay Home Inc.,Soft Home,1,1.0,1.0,7.0,3.0,0.585223490860683,Woodbridge,6.0,1.0,1.0,6.833333333333333,4.166666666666667,0.8628824541598029,Woodbridge,-4.0,-2.666666666666666,0.0,0.0,-1.166666666666667,0.16666666666666696
34687,Tatara Group NJ07065,10440,Tatara Group,Storage & Org - Frequency,1,1.0,1.0,6.0,6.0,0.6767406273909716,Linden,,,,,,,,0.0,,,,,
130533,Shenzhen Honga Intelligence E-Commerce CA 90022,97786,"Shenzhen Honga Intelligence E-Commerce Co., Ltd.",APS,1,1.0,1.0,8.0,4.0,0.6415366983905526,Greensboro,8.0,1.0,1.0,6.875,4.375,0.797387854731032,Chicago,-4.0,-2.5,0.0,0.0,-0.375,1.125
123085,Armen Living OR 97210,2502,Armen Living,Casegoods,1,0.0,1.0,12.0,9.0,0.9928583155475291,Columbus,,,,,,,,-3.0,,,,,
116386,EverDream Craft CA 91752,80897,EverDream Craft,Decor,1,1.0,1.0,8.0,2.0,0.9919127808773097,Mccook,54.0,0.5740740740740741,0.8888888888888888,9.166666666666666,7.132075471698113,0.952418332605781,Chicago,-6.0,-2.034591194968553,0.42592592592592593,0.11111111111111116,-5.132075471698113,-1.166666666666666
251624,do home inc CA 91730,251618,do home inc,Wayfair,1,1.0,1.0,8.0,4.0,0.5231098171231007,South Dallas Rsf,63.0,1.0,0.9682539682539683,9.444444444444445,5.698412698412699,0.8565069667043755,Chicago,-4.0,-3.746031746031746,0.0,0.031746031746031744,-1.6984126984126986,-1.4444444444444446
254296,"Guangzhou Fred Home Furnishings Co., Ltd CA 92880",254285,"Guangzhou Fred Home Furnishings Co., Ltd",Wayfair,1,1.0,1.0,6.0,3.0,0.9945649438880781,Hammond,3.0,1.0,1.0,9.666666666666666,5.666666666666667,0.8434319356662795,Maple Grove,-3.0,-3.999999999999999,0.0,0.0,-2.666666666666667,-3.666666666666666
253621,Moda Furnishings CA 91730(2),39355,Moda Furnishings,Outdoor Furniture,1,1.0,1.0,10.0,10.0,0.6016011513897634,Richmond Hill Ncpc,37.0,0.972972972972973,0.8108108108108109,9.702702702702704,8.35135135135135,0.9650712828269365,Chicago,0.0,-1.3513513513513526,0.027027027027026973,0.18918918918918914,1.6486486486486491,0.2972972972972965
183019,PROFOUND CENTURY CA 92835,142934,PROFOUND CENTURY LIMITED,APS,1,1.0,1.0,8.0,4.0,0.672575842173832,Richmond Hill Ncpc,9.0,1.0,0.7777777777777778,8.222222222222221,7.111111111111111,0.8689508814841402,Chicago,-4.0,-1.1111111111111107,0.0,0.2222222222222222,-3.1111111111111107,-0.22222222222222143
200205,Shenzhenshi Daman NJ 08060,76761,Shenzhenshi Daman Shiye Youxiangongsi,APS K&D,1,1.0,1.0,7.0,3.0,0.772780531771068,Robbinsville,,,,,,,,-4.0,,,,,
146552,"Ningbo Garden International Co, Ltd. NJ 07305",53407,"Ningbo Garden International Co, Ltd.",APS Outdoor,1,1.0,1.0,7.0,4.0,0.60763381841986,Secaucus,,,,,,,,-3.0,,,,,
290812,Barry Room Inc CA 92571,277709,Barry Room Inc,Wayfair,1,0.0,0.0,8.0,9.0,0.7525748387717779,Hagerstown,33.0,1.0,0.9090909090909091,8.424242424242424,6.96969696969697,0.9617287794532595,Toledo,1.0,-1.4545454545454541,-1.0,-0.9090909090909091,2.0303030303030303,-0.42424242424242387
279093,"Ningbo Detaike Trading Co., Ltd. NY 11716",279037,"Ningbo Detaike Trading Co., Ltd.",APS Outdoor,1,1.0,0.0,5.0,6.0,0.6116561437591064,Woodbridge,1.0,1.0,1.0,8.0,3.0,0.940041841004184,Etna Rsf,1.0,-5.0,0.0,-1.0,3.0,-3.0
236461,Americanflat Corp CA 92335,10545,Americanflat Corp,Decor,1,0.0,1.0,8.0,6.0,0.7052248242375196,Olive Branch,1.0,1.0,1.0,10.0,5.0,0.9860297431275349,Columbus,-2.0,-5.0,-1.0,0.0,1.0,-2.0
234897,CA3-W1710,67639,MIRROR FLY LLC,Outdoor Furniture,1,0.0,0.0,11.0,17.0,0.7408707865168539,King Of Prussia,1.0,0.0,0.0,9.0,18.0,0.8209296309072094,King Of Prussia,6.0,9.0,0.0,0.0,-1.0,2.0
177654,Loctek-CA,100553,SHENZHEN NAMUNANI WANGLUO KEJI YOUXIAN GONGSI,APS,1,1.0,1.0,8.0,3.0,0.5472067778660313,Olive Branch,,,,,,,,-5.0,,,,,
174581,"Ningbo le verde home furnishing co.,ltd. NJ 08016",70401,"Ningbo le verde home furnishing co.,ltd.",APS Outdoor,1,1.0,1.0,6.0,4.0,0.7452950268206201,Fairless Hills,4.0,1.0,1.0,5.75,3.25,0.6491423460460822,Fairless Hills,-2.0,-2.5,0.0,0.0,0.75,0.25
175484,Shenzhen Oumeifeng Fashion Design Co Ltd. CA 92336,108440,"Shenzhen Oumeifeng Fashion Design Co., Ltd.",APS,1,1.0,0.0,5.0,6.0,0.48732822707817075,Fairless Hills,13.0,1.0,1.0,6.153846153846154,4.538461538461538,0.6636171323717139,Fairless Hills,1.0,-1.6153846153846159,0.0,-1.0,1.4615384615384617,-1.1538461538461542
308884,"Xianyou County Sili Network Technology Co., Ltd. CA 92337",308878,"Xianyou County Sili Network Technology Co., Ltd.",Wayfair,1,1.0,1.0,12.0,6.0,0.5117082338599076,West Savannah  Ncpc,,,,,,,,-6.0,,,,,
299874,Hangzhou Mucheng International Trade GA 30519 (2),132375,"Hangzhou Mucheng International Trade Co., Ltd",APS Other,1,0.0,1.0,8.0,4.0,0.7308641975308642,Braselton,1.0,0.0,1.0,9.0,5.0,0.4910543130990415,Norcross,-4.0,-4.0,0.0,0.0,-1.0,-1.0
296291,AMCA,64001,Zhengzhou hanzhouboyang jinchukoumaoyiyouxiangongs,APS Housewares & More,1,1.0,1.0,7.0,6.0,0.5913956570496482,Fairless Hills,255.0,0.8235294117647058,0.8313725490196079,8.874509803921569,7.607843137254902,0.9430190873599277,Chicago,-1.0,-1.2666666666666675,0.17647058823529416,0.1686274509803921,-1.6078431372549016,-1.874509803921569
291836,Jdm Interiors Inc CA 91744 ,268720,Jdm Interiors Inc,Casegoods,1,1.0,1.0,6.0,3.0,0.6386110970100005,King Of Prussia,2.0,1.0,1.0,8.5,3.5,0.8037095215933834,Chicago,-3.0,-5.0,0.0,0.0,-0.5,-2.5
275205,Town Country Linen Corporation CA 92376,29622,Town Country Linen Corporation,Tabletop,1,0.0,0.0,9.0,11.0,0.7838975126239013,North Charlotte Rsf,285.0,0.9754385964912281,0.9298245614035088,8.919298245614035,7.505263157894737,0.9557674123804043,Chicago,2.0,-1.4140350877192986,-0.9754385964912281,-0.9298245614035088,3.4947368421052634,0.08070175438596472
357194,Zhengzhou Bevi Import  Export Trading NJ 08512,61515,"HONGKONG OUSHENG NETWORK TECHNOLOGY CO.,LIMITED",APS Bedroom,1,1.0,1.0,10.0,7.0,0.5042357274401473,East Brunswick,1.0,1.0,1.0,4.0,4.0,0.5568693104530711,East Brunswick,-3.0,0.0,0.0,0.0,3.0,6.0
355670,CA-1545,108807,YEEYOO INTERNATIONAL LIMITED,APS Bedroom,1,1.0,1.0,8.0,6.0,0.5543508479288296,Orlando,42.0,0.9523809523809523,0.9047619047619048,8.69047619047619,8.19047619047619,0.9418775838614108,Chicago,-2.0,-0.5,0.04761904761904767,0.09523809523809523,-2.19047619047619,-0.6904761904761898
332356,  AMCA,328725,"Henan Zhengming Electronic Commerce Co., Ltd.",Wayfair,1,1.0,1.0,8.0,6.0,0.5206016702809948,King Of Prussia,59.0,0.6440677966101694,0.7457627118644068,9.067796610169491,7.322033898305085,0.9236195515079838,Romeoville Ncpc,-2.0,-1.7457627118644066,0.35593220338983056,0.2542372881355932,-1.3220338983050848,-1.0677966101694913
360303,Trimark Technology NJ 08003,60485,Trimark Technology,APS K&D,1,1.0,1.0,6.0,6.0,0.7377730609357036,King Of Prussia,,,,,,,,0.0,,,,,
357496,SUPERNOVA INTERNATIONAL LLC CA 92374,92846,SUPERNOVA INTERNATIONAL LLC,APS Outdoor,1,0.0,1.0,7.0,5.0,0.8610285308603629,Romeoville Rsf,29.0,1.0,0.9655172413793104,7.413793103448276,4.0344827586206895,0.8831386374809338,Romeoville Rsf,-2.0,-3.3793103448275863,-1.0,0.03448275862068961,0.9655172413793105,-0.4137931034482758
367357,TRIVOB LTD. CA 92337 ,289998,TRIVOB LTD.,Mattress,1,0.0,1.0,8.0,6.0,0.8153944719018854,East Chattanooga,10.0,1.0,1.0,9.2,5.5,0.7889859278695919,Romeoville Rsf,-2.0,-3.6999999999999993,-1.0,0.0,0.5,-1.1999999999999993
369500,dingli technology inc CA 91789,103798,dingli technology inc,APS Home Improvement,1,1.0,1.0,10.0,6.0,0.8004684461728832,Camden,,,,,,,,-4.0,,,,,
374240,AMEZIEL INC NJ 08505,22539,AMEZIEL INC,APS AEOF,1,1.0,1.0,5.0,4.0,0.6692766041266558,Fairless Hills,,,,,,,,-1.0,,,,,
370173,aifei(shanghai)kejiyouxiangongsi GA 30517,232557,aifei(shanghai)kejiyouxiangongsi,APS K&D,1,0.0,1.0,5.0,4.0,0.6826279036625339,Olive Branch,,,,,,,,-1.0,,,,,
340196,Dee Noon Corporation Sdn Bhd CA 92376,326722,Dee Noon Corporation Sdn Bhd,APS SEA,1,1.0,1.0,10.0,6.0,0.6241490505195271,Greensboro,,,,,,,,-4.0,,,,,
350081,KYT 9425,285354,HONGKONG LANDER TECHNOLOGY LIMITED,APS AEOF,1,1.0,1.0,7.0,3.0,0.815010478519036,King Of Prussia,2.0,1.0,1.0,9.0,4.5,0.9632391844503024,North St.Louis,-4.0,-4.5,0.0,0.0,-1.5,-2.0
412315,guangzhoushidengerwangluokejiyouxiangongsi NJ 07064,272061,guangzhoushidengerwangluokejiyouxiangongsi,APS Home Improvement,1,1.0,1.0,5.0,3.0,0.6994451438429617,Woodbridge,,,,,,,,-2.0,,,,,
375668,"CGK HOLDINGS, INC. CA 92408",241365,"CGK HOLDINGS, INC.",Soft Home,1,1.0,1.0,9.0,3.0,0.791212257773772,Lehigh Valley,44.0,0.6590909090909091,0.75,8.136363636363637,6.651162790697675,0.8857871513193277,Chicago,-6.0,-1.485200845665962,0.34090909090909094,0.25,-3.6511627906976747,0.8636363636363633
421392,Reprise Designs Inc CA 92337,279234,Reprise Designs Inc,Casegoods,1,1.0,1.0,8.0,6.0,0.8537147505422994,Chicago,3.0,1.0,1.0,8.666666666666666,3.6666666666666665,0.9214820632018398,Chicago,-2.0,-5.0,0.0,0.0,2.3333333333333335,-0.6666666666666661
414788,"Kunming Wuhua District Lvchenman Trading Co., Ltd CA 92337",365856,"Kunming Wuhua District Lvchenman Trading Co., Ltd",APS Housewares & More,1,0.0,1.0,10.0,6.0,0.878671949719907,Carol Stream,3.0,0.3333333333333333,0.3333333333333333,7.666666666666667,7.666666666666667,0.8976951684728589,Chicago,-4.0,0.0,-0.3333333333333333,0.6666666666666667,-1.666666666666667,2.333333333333333
430312,suzhoukunshanshiyizemaoyiyouxiangongsi GA 31326,370502,suzhoukunshanshiyizemaoyiyouxiangongsi,APS Upholstery,1,0.0,1.0,10.0,5.0,0.7887748672247727,King Of Prussia,6.0,0.6666666666666666,0.6666666666666666,8.666666666666666,7.666666666666667,0.9370955088289814,Chicago Loop,-5.0,-0.9999999999999991,-0.6666666666666666,0.33333333333333337,-2.666666666666667,1.333333333333334
431601,Stellweilan Tessberg LLC IL 60542,271648,Stellweilan Tessberg LLC,Storage & Org,1,1.0,1.0,7.0,3.0,0.701839110875893,Carol Stream,2.0,1.0,1.0,7.0,3.0,0.9599856942054641,Chicago,-4.0,-4.0,0.0,0.0,0.0,0.0
444710,suzhoukunshanshiyizemaoyiyouxiangongsi CA 92337,370502,suzhoukunshanshiyizemaoyiyouxiangongsi,APS Upholstery,1,1.0,1.0,9.0,7.0,0.5069894878103333,King Of Prussia,1.0,1.0,1.0,9.0,8.0,0.963119167264896,Toledo,-2.0,-1.0,0.0,0.0,-1.0,0.0
414794,"Kunming Wuhua District Lvchenman Trading Co., Ltd GA 31408",365856,"Kunming Wuhua District Lvchenman Trading Co., Ltd",APS Housewares & More,1,0.0,1.0,24.0,13.0,0.5458466675942674,Richmond Hill Ncpc,,,,,,,,-11.0,,,,,
447147,Tradeber E-marketing Inc CA 95776,239639,Tradeber E-marketing Inc,Upholstery,1,0.0,1.0,10.0,6.0,0.679547922218932,East Chattanooga,,,,,,,,-4.0,,,,,
454392,Shenzhenkaibaishikejiyouxiangongsi CA 92337,413446,Shenzhenkaibaishikejiyouxiangongsi,APS Outdoor,1,1.0,1.0,8.0,3.0,0.7221217866748975,East Chattanooga,,,,,,,,-5.0,,,,,
463513,Luxe Weavers NJ 08638,20583,Luxe Weavers,Rugs,1,1.0,1.0,6.0,4.0,0.7657312733660646,Robbinsville,,,,,,,,-2.0,,,,,
463936,Home Ease CA 91748,353901,Home Ease,APS Upholstery,1,1.0,1.0,10.0,5.0,0.9868368368368369,Mccook,3.0,1.0,1.0,8.0,3.3333333333333335,0.8158951212619531,Romeoville Rsf,-5.0,-4.666666666666666,0.0,0.0,1.6666666666666665,2.0
471004,Ning bo Mu fan xin xi ke ji you xian gong si CA 92337,299810,Ning bo Mu fan xin xi ke ji you xian gong si,APS Housewares & More,1,1.0,1.0,10.0,3.0,0.857451505330891,South Chicago,10.0,0.7,0.8,9.4,8.6,0.9415441276083121,Chicago,-7.0,-0.8000000000000007,0.30000000000000004,0.19999999999999996,-5.6,0.5999999999999996
471412,NJXX02,273078,"Yiwu Binsai Import and Export Co., Ltd.",APS Outdoor,1,1.0,1.0,9.0,3.0,0.6177013213662428,Fairless Hills,,,,,,,,-6.0,,,,,
479757,"Foshan Metalway Hardware Co.,Ltd CA 91730",288082,"Foshan Metalway Hardware Co.,Ltd",APS Mattresses,1,1.0,1.0,7.0,4.0,0.8523301269381122,Romeoville Rsf,6.0,1.0,1.0,9.833333333333334,5.666666666666667,0.9643098248062745,East Columbus,-3.0,-4.166666666666667,0.0,0.0,-1.666666666666667,-2.833333333333334
497107,Greenland Home Fashions CA 91710,2743,Greenland Home Fashions,Soft Home,1,0.0,1.0,10.0,10.0,0.9059512107943883,Plainfield,40.0,1.0,0.8,7.25,6.725,0.9586902939699093,Toledo,0.0,-0.5250000000000004,-1.0,0.19999999999999996,3.2750000000000004,2.75
